439 912 0 0.057
439 825 1 0.002
439 825 1 0.002
439 825 1 0.002
439 825 1 0.001
439 825 1 0.001
439 825 1 0.002
439 825 1 0.001
439 825 1 0.001
439 825 1 0.002
439 825 1 0.001
439 825 1 0.002
439 825 1 0.002
439 825 1 0.002
439 825 1 0.001
439 825 1 0.002
439 825 1 0.001
439 825 1 0.002
439 825 1 0.001
439 825 1 0.001
439 825 1 0.002
439 825 1 0.002
439 825 1 0.002
439 825 1 0.002
439 825 1 0.002
439 825 1 0.002
439 825 1 0.002
439 825 1 0.001
439 825 1 0.002
439 825 1 0.002
439 825 1 0.003
439 825 1 0.002
439 825 1 0.001
439 825 1 0.003
439 825 1 0.003
439 825 1 0.002
439 825 1 0.002
439 825 1 0.003
439 825 1 0.002
439 825 1 0.001
439 825 1 0.002
439 825 1 0.001
439 825 1 0.002
439 825 1 0.002
439 825 1 0.002
439 825 1 0.002
439 825 1 0.002
439 825 1 0.002
439 825 1 0.002
439 825 1 0.001
439 825 1 0.002
439 825 1 0.001
439 825 1 0.001
439 825 1 0.003
439 825 1 0.001
439 825 1 0.002
439 825 1 0.002
439 825 1 0.002
439 825 1 0.002
439 825 1 0.002
439 825 1 0.001
439 825 1 0.001
439 825 1 0.003
439 825 1 0.002
439 825 1 0.002
439 825 1 0.001
439 825 1 0.003
439 825 1 0.002
439 825 1 0.003
439 825 1 0.002
439 825 1 0.001
439 825 1 0.001
439 825 1 0.001
439 825 1 0.001
439 825 1 0.002
438 825 1 0.003
437 825 1 0.003
436 825 1 0.001
436 825 1 0.002
436 825 1 0.001
435 825 1 0.001
435 825 1 0.001
434 825 1 0.002
434 825 1 0.001
434 825 1 0.001
433 825 1 0.003
432 825 1 0.002
432 825 1 0.002
431 825 1 0.001
431 825 1 0.001
430 825 1 0.002
430 825 1 0.002
429 825 1 0.002
429 825 1 0.002
427 825 1 0.004
427 825 1 0.002
426 825 1 0.002
426 825 1 0.002
425 825 1 0.001
425 825 1 0.002
424 825 1 0.003
423 825 1 0.002
423 825 1 0.002
422 825 1 0.002
421 825 1 0.002
421 825 1 0.002
420 825 1 0.002
420 825 1 0.001
419 825 1 0.002
419 825 1 0.002
418 825 1 0.002
418 825 1 0.002
417 825 1 0.003
416 825 1 0.002
416 825 1 0.001
415 825 1 0.001
415 825 1 0.001
415 825 1 0.002
414 825 1 0.002
413 825 1 0.002
413 825 1 0.002
412 825 1 0.002
412 825 1 0.001
411 825 1 0.002
411 825 1 0.001
411 825 1 0.001
410 825 1 0.002
409 825 1 0.002
409 825 1 0.001
409 825 1 0.002
408 825 1 0.002
407 825 1 0.002
407 825 1 0.001
407 825 1 0.001
406 825 1 0.002
406 825 1 0.001
405 825 1 0.002
404 825 1 0.003
404 825 1 0.002
403 825 1 0.002
403 825 1 0.001
402 824 1 0.003
402 823 1 0.001
401 823 1 0.002
400 822 1 0.002
400 821 1 0.003
399 821 1 0.001
399 820 1 0.002
398 820 1 0.002
397 819 1 0.002
397 819 1 0.002
397 818 1 0.001
396 818 1 0.002
395 817 1 0.002
395 817 1 0.001
395 816 1 0.001
394 816 1 0.001
394 816 1 0.002
394 815 1 0.001
393 815 1 0.002
392 814 1 0.002
392 814 1 0.001
392 813 1 0.001
391 813 1 0.002
391 812 1 0.002
390 812 1 0.001
390 812 1 0.001
390 811 1 0.001
389 811 1 0.001
389 810 1 0.002
388 810 1 0.002
388 810 1 0.001
387 809 1 0.002
387 808 1 0.002
386 808 1 0.001
386 808 1 0.001
385 807 1 0.002
385 807 1 0.002
385 806 1 0.001
384 806 1 0.002
383 805 1 0.003
383 804 1 0.001
382 804 1 0.002
381 803 1 0.003
381 802 1 0.002
380 802 1 0.001
379 801 1 0.003
379 801 1 0.001
378 800 1 0.003
378 799 1 0.002
377 799 1 0.002
377 798 1 0.001
376 798 1 0.002
376 797 1 0.002
375 797 1 0.001
375 796 1 0.002
374 796 1 0.002
373 795 1 0.003
372 794 1 0.003
372 793 1 0.002
371 793 1 0.002
370 792 1 0.002
370 792 1 0.002
370 791 1 0.001
369 791 1 0.002
368 790 1 0.003
367 789 1 0.003
367 788 1 0.002
366 788 1 0.002
365 787 1 0.002
365 787 1 0.001
364 786 1 0.002
364 786 1 0.002
364 785 1 0.001
363 785 1 0.002
362 784 1 0.003
361 783 1 0.002
361 783 1 0.002
360 782 1 0.002
360 781 1 0.002
359 781 1 0.002
358 780 1 0.002
358 780 1 0.002
357 779 1 0.003
356 778 1 0.002
356 778 1 0.001
355 777 1 0.002
355 777 1 0.001
355 776 1 0.002
354 776 1 0.001
354 775 1 0.002
353 775 1 0.001
353 774 1 0.002
352 774 1 0.002
352 774 1 0.001
351 773 1 0.002
351 773 1 0.001
350 772 1 0.002
350 771 1 0.002
349 771 1 0.002
349 771 1 0.001
348 770 1 0.002
348 769 1 0.002
347 769 1 0.002
347 768 1 0.001
346 768 1 0.002
346 768 1 0.001
345 767 1 0.002
345 766 1 0.002
344 766 1 0.002
344 765 1 0.001
343 765 1 0.002
343 765 1 0.001
342 764 1 0.003
342 763 1 0.001
341 763 1 0.002
341 762 1 0.001
340 762 1 0.002
340 762 1 0.001
339 761 1 0.002
339 760 1 0.002
338 760 1 0.002
337 759 1 0.002
337 759 1 0.001
337 758 1 0.002
336 758 1 0.002
335 757 1 0.002
335 757 1 0.001
335 756 1 0.001
334 756 1 0.002
334 755 1 0.002
333 755 1 0.001
333 754 1 0.002
332 754 1 0.002
331 753 1 0.002
331 753 1 0.002
331 752 1 0.001
330 752 1 0.002
330 751 1 0.001
329 751 1 0.002
329 750 1 0.001
328 750 1 0.001
328 750 1 0.002
328 749 1 0.001
327 749 1 0.002
326 748 1 0.002
326 748 1 0.001
325 747 1 0.002
325 747 1 0.002
325 746 1 0.001
324 746 1 0.001
323 745 1 0.003
323 745 1 0.001
323 744 1 0.003
323 744 1 0.001
323 743 1 0.001
323 743 1 0.002
323 742 1 0.001
323 742 1 0.001
323 742 1 0.001
323 741 1 0.001
323 741 1 0.001
323 741 1 0.002
323 740 1 0.001
323 740 1 0.001
323 739 1 0.002
323 739 1 0.001
323 739 1 0.001
323 738 1 0.002
323 738 1 0.001
323 738 1 0.001
323 737 1 0.001
323 737 1 0.001
323 736 1 0.002
323 736 1 0.001
323 736 1 0.001
323 735 1 0.001
323 735 1 0.001
323 735 1 0.002
323 734 1 0.001
323 734 1 0.001
323 733 1 0.002
323 733 1 0.002
323 732 1 0.001
323 732 1 0.001
323 732 1 0.001
323 732 1 0.001
323 731 1 0.001
323 731 1 0.001
323 730 1 0.002
323 730 1 0.001
323 730 1 0.001
323 729 1 0.002
323 729 1 0.001
323 729 1 0.001
323 728 1 0.003
323 727 1 0.001
323 727 1 0.001
323 727 1 0.001
323 726 1 0.001
323 726 1 0.001
323 726 1 0.002
323 725 1 0.001
323 725 1 0.002
323 724 1 0.001
323 724 1 0.002
323 723 1 0.001
323 723 1 0.002
323 723 1 0.001
323 722 1 0.001
323 722 1 0.001
323 722 1 0.001
323 721 1 0.001
323 721 1 0.002
323 720 1 0.001
323 720 1 0.001
323 720 1 0.002
323 719 1 0.001
323 719 1 0.002
323 718 1 0.001
323 718 1 0.001
323 717 1 0.002
323 717 1 0.001
323 717 1 0.001
323 717 1 0.001
323 716 1 0.001
323 716 1 0.001
323 716 1 0.001
323 715 1 0.002
323 714 1 0.002
323 714 1 0.001
323 714 1 0.002
322 713 1 0.002
322 712 1 0.002
321 712 1 0.001
321 712 1 0.001
321 711 1 0.001
320 711 1 0.001
320 711 1 0.001
319 710 1 0.003
319 710 1 0.001
319 709 1 0.001
318 709 1 0.002
318 708 1 0.001
317 708 1 0.001
317 708 1 0.001
317 708 1 0.001
316 707 1 0.001
316 707 1 0.001
316 707 1 0.001
316 706 1 0.001
315 706 1 0.002
315 705 1 0.001
314 705 1 0.001
314 705 1 0.002
313 704 1 0.001
313 704 1 0.001
313 704 1 0.001
313 703 1 0.001
312 703 1 0.001
312 703 1 0.001
312 702 1 0.001
311 702 1 0.001
311 702 1 0.001
311 702 1 0
311 702 1 0.001
310 701 1 0.001
310 701 1 0.001
310 700 1 0.002
309 700 1 0.001
309 700 1 0.001
309 699 1 0.001
308 699 1 0.002
308 699 1 0.001
307 698 1 0.001
307 698 1 0.001
307 698 1 0.001
307 697 1 0.001
306 696 1 0.003
305 696 1 0.002
305 696 1 0.001
304 695 1 0.001
304 695 1 0.002
303 694 1 0.002
303 694 1 0.001
303 693 1 0.001
302 693 1 0.001
302 693 1 0.002
301 692 1 0.001
301 692 1 0.001
301 691 1 0.002
300 691 1 0.001
300 691 1 0.001
300 690 1 0.001
299 690 1 0.001
299 690 1 0.001
298 689 1 0.002
298 689 1 0.002
298 688 1 0.001
297 688 1 0.001
297 688 1 0.001
297 687 1 0.001
296 687 1 0.002
295 686 1 0.002
295 686 1 0.001
295 686 1 0.001
295 685 1 0.001
294 685 1 0.001
294 684 1 0.002
293 684 1 0.001
293 684 1 0.001
293 684 1 0.001
292 683 1 0.002
292 683 1 0.001
292 682 1 0.001
291 682 1 0.002
290 681 1 0.002
290 681 1 0.001
290 681 1 0.001
289 680 1 0.001
289 680 1 0.001
289 680 1 0.001
289 679 1 0.001
288 679 1 0.001
288 678 1 0.002
287 678 1 0.001
287 678 1 0.001
287 678 1 0.001
286 677 1 0.001
286 677 1 0.002
286 676 1 0.001
285 676 1 0.001
285 676 1 0.001
284 675 1 0.002
284 675 1 0.001
284 675 1 0.001
283 674 1 0.001
283 674 1 0.001
283 674 1 0.001
282 673 1 0.002
282 673 1 0.001
281 672 1 0.002
281 672 1 0.001
281 672 1 0.001
280 671 1 0.001
280 671 1 0.002
279 670 1 0.002
279 670 1 0.001
279 669 1 0.001
278 669 1 0.002
278 669 1 0.001
277 668 1 0.002
277 668 1 0.001
276 667 1 0.002
276 667 1 0.001
276 666 1 0.001
275 666 1 0.001
275 666 1 0.002
274 665 1 0.001
274 665 1 0.001
274 665 1 0.001
274 664 1 0.001
273 664 1 0.002
273 663 1 0.001
273 663 1 0.003
273 662 1 0.001
273 662 1 0.001
273 662 1 0.001
273 661 1 0.001
273 661 1 0.002
273 660 1 0.002
273 660 1 0.001
273 660 1 0.001
273 659 1 0.002
273 659 1 0.001
273 658 1 0.002
273 658 1 0.001
273 657 1 0.003
273 656 1 0.002
273 656 1 0.002
273 655 1 0.001
273 655 1 0.001
273 655 1 0.001
273 654 1 0.002
273 654 1 0.001
273 653 1 0.002
273 653 1 0.001
273 652 1 0.002
273 652 1 0.001
273 652 1 0.001
273 651 1 0.001
273 651 1 0.001
273 651 1 0.001
273 650 1 0.002
273 650 1 0.001
273 649 1 0.002
273 649 1 0.001
273 649 1 0.001
273 648 1 0.001
273 648 1 0.002
273 648 1 0.001
273 647 1 0.001
273 647 1 0.001
273 646 1 0.002
273 646 1 0.001
273 646 1 0.001
273 645 1 0.001
273 645 1 0.002
273 645 1 0.001
273 644 1 0.002
273 644 1 0.001
273 643 1 0.001
273 643 1 0.001
273 643 1 0.001
273 642 1 0.002
273 642 1 0.001
273 642 1 0.001
273 641 1 0.001
273 641 1 0.001
273 641 1 0.001
273 640 1 0.002
273 639 1 0.002
273 639 1 0.001
273 639 1 0.001
273 638 1 0.002
273 638 1 0.001
273 638 1 0.001
273 637 1 0.001
273 637 1 0.001
273 636 1 0.002
273 636 1 0.001
273 636 1 0.001
273 636 1 0.001
273 635 1 0.002
273 635 1 0.001
273 634 1 0.001
273 634 1 0.002
273 633 1 0.001
273 633 1 0.001
273 633 1 0.001
273 632 1 0.002
273 632 1 0.001
273 632 1 0.001
273 631 1 0.001
273 631 1 0.001
273 631 1 0.001
273 630 1 0.002
273 630 1 0.002
273 629 1 0.001
273 629 1 0.001
273 628 1 0.002
273 628 1 0.001
273 628 1 0.001
273 627 1 0.001
273 627 1 0.002
273 627 1 0.001
273 626 1 0.001
273 626 1 0.001
273 625 1 0.002
273 625 1 0.001
273 624 1 0.002
273 624 1 0.002
273 624 1 0.001
273 623 1 0.001
273 623 1 0.001
273 623 1 0.001
273 622 1 0.001
273 622 1 0.001
273 621 1 0.003
273 621 1 0.001
273 621 1 0.001
273 620 1 0.001
273 620 1 0.001
273 620 1 0.001
273 619 1 0.002
273 618 1 0.002
273 618 1 0.001
273 618 1 0.001
273 618 1 0.001
273 617 1 0.001
273 617 1 0.001
273 617 1 0.001
273 616 1 0.002
273 615 1 0.002
273 615 1 0.001
273 615 1 0.001
273 615 1 0.001
273 614 1 0.001
273 614 1 0.001
273 613 1 0.002
273 613 1 0.001
273 613 1 0.001
273 612 1 0.001
273 612 1 0.001
273 612 1 0.002
273 611 1 0.001
273 611 1 0.001
273 610 1 0.002
273 610 1 0.001
273 610 1 0.001
273 609 1 0.001
273 609 1 0.002
273 609 1 0.001
273 608 1 0.001
273 608 1 0.001
273 607 1 0.002
273 607 1 0.001
273 607 1 0
273 606 1 0.002
273 606 1 0.001
273 606 1 0.001
273 606 1 0.001
273 605 1 0.001
273 605 1 0.002
273 604 1 0.001
273 604 1 0.001
273 604 1 0.001
273 603 1 0.001
273 603 1 0.002
273 603 1 0.001
273 602 1 0.002
273 602 1 0.001
273 601 1 0.001
273 601 1 0.001
273 600 1 0.002
273 600 1 0.001
273 600 1 0.002
273 599 1 0.001
273 599 1 0.001
273 599 1 0.001
273 598 1 0.001
273 598 1 0.001
273 598 1 0.001
273 597 1 0.003
273 597 1 0.001
273 596 1 0.001
273 596 1 0.001
273 595 1 0.002
273 595 1 0.001
273 595 1 0.001
273 594 1 0.002
273 594 1 0.001
273 594 1 0.001
273 593 1 0.002
273 593 1 0.001
273 592 1 0.002
273 592 1 0.001
273 591 1 0.001
273 591 1 0.001
273 591 1 0.001
273 590 1 0.002
273 590 1 0.001
273 590 1 0.001
273 589 1 0.001
273 588 1 0.003
273 588 1 0.001
273 588 1 0.001
273 588 1 0.001
273 587 1 0.002
273 587 1 0.001
273 586 1 0.001
273 586 1 0.002
273 585 1 0.001
273 585 1 0.001
273 585 1 0.001
273 584 1 0.002
273 584 1 0.001
273 584 1 0.001
273 583 1 0.002
273 583 1 0.001
273 582 1 0.001
273 582 1 0.001
273 582 1 0.001
273 582 1 0.001
273 581 1 0.001
273 580 1 0.003
273 580 1 0.001
273 580 1 0.001
273 579 1 0.002
273 579 1 0.001
273 579 1 0.001
273 578 1 0.001
273 578 1 0.002
273 577 1 0.002
273 576 1 0.002
273 576 1 0.001
273 576 1 0.001
273 575 1 0.002
273 575 1 0.002
273 574 1 0.002
273 574 1 0.001
273 573 1 0.001
273 573 1 0.002
273 573 1 0.001
273 572 1 0.002
273 572 1 0.001
273 571 1 0.002
273 571 1 0.001
273 570 1 0.002
273 570 1 0.001
273 569 1 0.003
273 569 1 0.001
273 568 1 0.001
273 568 1 0.001
273 568 1 0.001
273 567 1 0.001
273 567 1 0.001
273 567 1 0.002
273 566 1 0.001
273 566 1 0.002
273 565 1 0.001
273 565 1 0.002
273 564 1 0.002
273 564 1 0.002
273 563 1 0.002
273 562 1 0.002
273 562 1 0.001
273 561 1 0.002
273 561 1 0.002
273 560 1 0.002
273 560 1 0.001
273 559 1 0.003
273 559 1 0.001
273 558 1 0.002
273 558 1 0.001
273 557 1 0.003
273 557 1 0.001
273 556 1 0.002
273 555 1 0.002
273 555 1 0.001
273 555 1 0.002
273 554 1 0.002
273 554 1 0.001
273 553 1 0.001
273 553 1 0.002
273 552 1 0.001
273 552 1 0.001
273 552 1 0.001
273 552 1 0.001
273 551 1 0.001
274 551 1 0.002
274 550 1 0.003
275 549 1 0.001
275 549 1 0.001
276 549 1 0.002
276 548 1 0.001
276 548 1 0.001
277 548 1 0.001
277 547 1 0.001
277 547 1 0.001
278 546 1 0.002
278 546 1 0.001
278 546 1 0.001
279 546 1 0.001
279 545 1 0.001
280 545 1 0.002
280 544 1 0.001
280 544 1 0.001
281 543 1 0.002
281 543 1 0.001
282 543 1 0.002
282 542 1 0.001
282 542 1 0.001
283 541 1 0.002
283 541 1 0.001
283 541 1 0.001
284 540 1 0.001
284 540 1 0.002
285 540 1 0.001
285 539 1 0.001
286 539 1 0.002
286 538 1 0.001
286 538 1 0.001
287 537 1 0.002
287 537 1 0.002
288 537 1 0.001
288 536 1 0.001
288 536 1 0.001
289 536 1 0.001
289 535 1 0.001
289 535 1 0.002
290 534 1 0.002
290 534 1 0.001
291 534 1 0.001
291 533 1 0.001
291 533 1 0.001
292 532 1 0.002
292 532 1 0.001
293 531 1 0.002
293 531 1 0.001
293 531 1 0.001
294 531 1 0.001
294 530 1 0.001
294 530 1 0.001
295 529 1 0.002
295 529 1 0.002
296 528 1 0.001
296 528 1 0.001
296 528 1 0.001
297 528 1 0.001
297 527 1 0.001
297 527 1 0.001
298 526 1 0.002
298 526 1 0.002
299 525 1 0.001
299 525 1 0.001
300 525 1 0.002
300 524 1 0.001
300 524 1 0.001
301 523 1 0.002
301 523 1 0.001
302 522 1 0.003
302 522 1 0.001
303 521 1 0.002
303 521 1 0.001
304 521 1 0.001
304 520 1 0.002
305 519 1 0.002
305 519 1 0.001
306 519 1 0.002
306 518 1 0.001
306 518 1 0.001
307 518 1 0.001
307 517 1 0.001
307 517 1 0.002
308 516 1 0.002
308 516 1 0.001
309 516 1 0.001
309 515 1 0.001
309 515 1 0.001
310 514 1 0.002
310 514 1 0.002
311 513 1 0.001
311 513 1 0.001
312 513 1 0.002
312 512 1 0.001
312 512 1 0.001
313 512 1 0.001
313 511 1 0.002
313 511 1 0.001
314 510 1 0.002
314 510 1 0.001
315 510 1 0.001
315 509 1 0.002
316 508 1 0.002
316 508 1 0.001
316 508 1 0.001
317 507 1 0.001
317 507 1 0.001
317 507 1 0.001
318 507 1 0.001
318 506 1 0.002
319 506 1 0.001
319 505 1 0.001
319 505 1 0.001
319 505 1 0.001
320 504 1 0.001
320 504 1 0.002
321 504 1 0.001
321 503 1 0.001
321 503 1 0.001
322 502 1 0.002
322 502 1 0.001
322 502 1 0.001
323 501 1 0.002
323 501 1 0.001
324 501 1 0.001
324 500 1 0.001
325 500 1 0.002
325 499 1 0.001
325 499 1 0.001
325 499 1 0.001
326 498 1 0.002
326 498 1 0.001
327 497 1 0.002
327 497 1 0.001
328 497 1 0.001
328 496 1 0.001
328 496 1 0.002
329 495 1 0.001
329 495 1 0.001
330 495 1 0.002
330 494 1 0.001
330 494 1 0.001
331 494 1 0.001
331 493 1 0.002
331 493 1 0.001
332 492 1 0.001
332 492 1 0.002
333 492 1 0.001
333 491 1 0.001
333 491 1 0.001
334 491 1 0.001
334 490 1 0.002
334 490 1 0.001
335 489 1 0.002
336 489 1 0.002
336 488 1 0.001
337 488 1 0.002
337 487 1 0.001
337 487 1 0.001
338 486 1 0.002
338 486 1 0.001
338 486 1 0.001
339 486 1 0.001
339 485 1 0.001
340 485 1 0.002
340 484 1 0.001
340 484 1 0.002
341 483 1 0.002
341 483 1 0.001
342 483 1 0.001
342 482 1 0.001
343 482 1 0.002
343 481 1 0.001
343 481 1 0.001
344 480 1 0.002
344 480 1 0.001
344 480 1 0.001
345 480 1 0.001
345 479 1 0.002
346 478 1 0.002
346 478 1 0.001
347 477 1 0.002
347 477 1 0.001
347 477 1 0.001
348 477 1 0.001
348 476 1 0.001
349 476 1 0.002
349 475 1 0.001
349 475 1 0.001
350 474 1 0.002
350 474 1 0.001
350 474 1 0.001
351 473 1 0.002
351 473 1 0.001
351 473 1 0.001
352 472 1 0.001
352 472 1 0.001
352 472 1 0.001
353 471 1 0.002
353 471 1 0.001
354 471 1 0.001
354 470 1 0.001
354 470 1 0.002
355 469 1 0.001
355 469 1 0.001
356 468 1 0.002
356 468 1 0.001
356 468 1 0.001
357 468 1 0.001
357 467 1 0.001
357 467 1 0.002
358 466 1 0.001
358 466 1 0.001
358 466 1 0.001
359 465 1 0.001
359 465 1 0.002
360 464 1 0.002
360 464 1 0.001
360 464 1 0.001
361 463 1 0.001
361 463 1 0.001
362 462 1 0.002
362 462 1 0.001
362 462 1 0.001
363 461 1 0.002
363 461 1 0.001
363 461 1 0
364 460 1 0.002
364 460 1 0.001
364 460 1 0.001
365 459 1 0.002
365 459 1 0.001
366 459 1 0.001
366 458 1 0.002
366 458 1 0.001
367 457 1 0.001
367 457 1 0.001
368 456 1 0.002
368 456 1 0.001
368 456 1 0.001
369 455 1 0.002
369 455 1 0.001
369 455 1 0.001
370 454 1 0.002
370 454 1 0.001
371 453 1 0.002
371 453 1 0.001
372 453 1 0.001
372 452 1 0.001
372 452 1 0.001
372 452 1 0.001
373 451 1 0.003
374 450 1 0.001
374 450 1 0.002
375 450 1 0.001
375 449 1 0.001
375 449 1 0.002
376 448 1 0.002
376 448 1 0.001
377 447 1 0.001
377 447 1 0.001
377 447 1 0.001
378 447 1 0.001
378 446 1 0.002
379 445 1 0.002
379 445 1 0.001
379 445 1 0.001
380 444 1 0.002
380 444 1 0.001
381 444 1 0.001
381 443 1 0.002
381 443 1 0.001
382 442 1 0.002
382 442 1 0.001
383 441 1 0.001
383 441 1 0.002
384 441 1 0.001
384 440 1 0.003
385 439 1 0.002
386 438 1 0.002
386 438 1 0.002
387 438 1 0.001
387 437 1 0.002
388 436 1 0.002
388 436 1 0.001
389 435 1 0.002
389 435 1 0.002
390 434 1 0.002
391 433 1 0.003
391 433 1 0.001
392 432 1 0.002
392 432 1 0.001
393 432 1 0.002
393 431 1 0.002
394 430 1 0.002
394 430 1 0.001
395 429 1 0.002
395 429 1 0.002
396 428 1 0.002
396 428 1 0.002
397 427 1 0.002
398 426 1 0.002
398 426 1 0.001
399 426 1 0.002
399 425 1 0.001
399 425 1 0.002
400 424 1 0.002
400 424 1 0.001
401 423 1 0.002
402 423 1 0.002
402 422 1 0.002
403 421 1 0.003
404 420 1 0.002
404 420 1 0.001
405 420 1 0.002
405 419 1 0.002
406 418 1 0.002
406 418 1 0.002
407 417 1 0.002
408 416 1 0.003
408 416 1 0.002
409 415 1 0.002
410 414 1 0.002
410 414 1 0.002
411 413 1 0.002
412 412 1 0.003
413 411 1 0.003
413 411 1 0.002
414 410 1 0.002
414 410 1 0.002
415 409 1 0.003
416 408 1 0.002
417 408 1 0.002
417 407 1 0.003
418 406 1 0.001
418 406 1 0.002
419 405 1 0.002
420 404 1 0.003
420 404 1 0.002
421 403 1 0.002
422 402 1 0.003
423 402 1 0.002
423 401 1 0.002
424 400 1 0.003
425 399 1 0.002
426 399 1 0.003
426 398 1 0.002
427 397 1 0.002
427 397 1 0.002
428 396 1 0.002
429 396 1 0.002
429 395 1 0.002
430 394 1 0.002
430 394 1 0.002
431 393 1 0.003
432 392 1 0.002
432 392 1 0.002
433 391 1 0.002
433 391 1 0.001
434 390 1 0.003
435 389 1 0.002
435 389 1 0.002
436 388 1 0.001
436 388 1 0.002
437 387 1 0.002
437 387 1 0.001
438 386 1 0.003
438 386 1 0.001
439 385 1 0.002
440 384 1 0.002
440 384 1 0.001
441 384 1 0.002
441 383 1 0.003
442 382 1 0.002
442 382 1 0.001
443 381 1 0.002
444 380 1 0.003
444 380 1 0.002
445 379 1 0.002
445 379 1 0.001
446 378 1 0.001
446 378 1 0.001
446 378 1 0.001
447 378 1 0.001
447 377 1 0.002
447 377 1 0.001
448 376 1 0.001
448 376 1 0.001
449 375 1 0.002
449 375 1 0.002
450 375 1 0.001
450 374 1 0.001
450 374 1 0.001
451 373 1 0.002
451 373 1 0.001
452 372 1 0.002
452 372 1 0.001
453 372 1 0.002
453 371 1 0.001
453 371 1 0.001
454 370 1 0.002
454 370 1 0.001
454 370 1 0.001
455 369 1 0.002
455 369 1 0.001
456 368 1 0.002
456 368 1 0.001
456 368 1 0.001
457 367 1 0.002
457 367 1 0.001
458 366 1 0.001
458 366 1 0.002
459 365 1 0.002
459 365 1 0.002
460 364 1 0.001
460 364 1 0.002
461 363 1 0.001
461 363 1 0.002
462 362 1 0.002
462 362 1 0.001
462 361 1 0.003
462 360 1 0.003
462 360 1 0.002
462 359 1 0.001
462 359 1 0.001
462 359 1 0.001
462 358 1 0.002
462 358 1 0.001
462 357 1 0.001
462 357 1 0.001
462 357 1 0.001
462 357 1 0.001
462 356 1 0.001
462 356 1 0.001
462 356 1 0.001
462 355 1 0.002
462 355 1 0.001
462 354 1 0.002
462 354 1 0.001
462 354 1 0.001
462 353 1 0.001
462 353 1 0.001
462 353 1 0.001
462 352 1 0.001
462 352 1 0.002
462 351 1 0.002
462 351 1 0.001
462 351 1 0.001
462 350 1 0.002
462 349 1 0.002
462 348 1 0.003
462 348 1 0
462 348 1 0.002
462 348 1 0
462 348 1 0.001
462 347 1 0.001
462 347 1 0.002
462 347 1 0
462 346 1 0.002
462 346 1 0.001
462 345 1 0.001
462 345 1 0.002
462 345 1 0.001
462 344 1 0.001
462 344 1 0.001
462 344 1 0.001
462 343 1 0.001
462 343 1 0.001
462 343 1 0.001
462 342 1 0.001
462 342 1 0.001
462 342 1 0.001
462 341 1 0.002
462 341 1 0.001
462 341 1 0.001
462 340 1 0.001
462 340 1 0.001
462 340 1 0.001
462 339 1 0.001
462 339 1 0.001
462 339 1 0.001
462 338 1 0.002
462 338 1 0.001
462 338 1 0.001
462 337 1 0.001
462 337 1 0.002
462 336 1 0.001
462 336 1 0.001
462 336 1 0.001
462 335 1 0.002
462 335 1 0.001
462 335 1 0.001
462 334 1 0.001
462 334 1 0.001
462 333 1 0.002
462 333 1 0.001
462 333 1 0.001
462 332 1 0.002
462 332 1 0.001
462 332 1 0.001
462 331 1 0.001
462 331 1 0.001
462 331 1 0.001
462 330 1 0.001
462 330 1 0.001
462 330 1 0.001
462 329 1 0.002
462 329 1 0.002
462 328 1 0.001
462 328 1 0.001
462 328 1 0.001
462 327 1 0.001
462 327 1 0.001
462 327 1 0.001
462 326 1 0.002
462 326 1 0.001
462 326 1 0
462 326 1 0.001
462 325 1 0.002
462 325 1 0.001
462 324 1 0.001
462 324 1 0.001
462 324 1 0.002
462 323 1 0.001
462 323 1 0.001
462 323 1 0.001
462 322 1 0.001
462 322 1 0.001
462 322 1 0.001
462 321 1 0.001
462 321 1 0.001
462 321 1 0.002
462 320 1 0.001
462 320 1 0.001
462 320 1 0.001
462 319 1 0.002
462 319 1 0.001
462 318 1 0.001
462 318 1 0.001
462 318 1 0.001
462 318 1 0.001
462 317 1 0.001
462 317 1 0.001
462 317 1 0.001
462 316 1 0.001
462 316 1 0.001
462 316 1 0.001
462 315 1 0.001
462 315 1 0.001
462 315 1 0.002
462 314 1 0.002
462 314 1 0.001
462 313 1 0.002
462 313 1 0
462 313 1 0.001
462 312 1 0.001
462 312 1 0.001
462 312 1 0.001
462 312 1 0.001
462 311 1 0.001
462 311 1 0.001
462 311 1 0.001
462 310 1 0.001
462 310 1 0.001
462 309 1 0.002
462 309 1 0.001
462 309 1 0.001
462 309 1 0.001
462 308 1 0.001
462 308 1 0.001
462 308 1 0.001
462 307 1 0.002
462 307 1 0.001
462 306 1 0.001
462 306 1 0.001
462 306 1 0.001
462 306 1 0.001
462 305 1 0.001
462 305 1 0.002
462 304 1 0.002
462 304 1 0.001
462 303 1 0.001
462 303 1 0.001
462 303 1 0.001
462 303 1 0.001
462 302 1 0.001
462 302 1 0.001
462 301 1 0.002
462 301 1 0.001
462 301 1 0.001
462 300 1 0.001
462 300 1 0.001
462 300 1 0.001
462 300 1 0.001
462 299 1 0.001
462 299 1 0.002
462 298 1 0.001
462 298 1 0.001
462 298 1 0.001
462 297 1 0.001
462 297 1 0.001
462 297 1 0.001
462 297 1 0.001
462 296 1 0.001
462 295 1 0.003
462 295 1 0.001
462 295 1 0.001
462 294 1 0.001
462 294 1 0.001
462 294 1 0.001
462 293 1 0.002
462 293 1 0.002
462 292 1 0.001
462 292 1 0.001
462 292 1 0.001
462 291 1 0.002
462 291 1 0.001
462 291 1 0.001
462 290 1 0.001
462 290 1 0.002
462 289 1 0.001
462 289 1 0.001
462 289 1 0.001
462 288 1 0.001
462 288 1 0.001
462 288 1 0.001
462 288 1 0.001
462 287 1 0.001
462 287 1 0.001
462 286 1 0.003
462 285 1 0.002
462 285 1 0.001
462 285 1 0.001
462 285 1 0.001
462 284 1 0.001
462 284 1 0.002
462 283 1 0.001
462 283 1 0.001
462 283 1 0.001
462 282 1 0.002
462 282 1 0.002
462 281 1 0.002
462 281 1 0.001
462 280 1 0.001
462 280 1 0.002
462 279 1 0.002
462 279 1 0.001
462 278 1 0.002
462 278 1 0.001
462 278 1 0.001
462 277 1 0.001
462 277 1 0.001
462 276 1 0.002
462 276 0 0.002
462 276 0 0.001
462 276 0 0.001
462 275 0 0.002
462 275 0 0.001
462 275 0 0.001
462 275 0 0.001
462 274 0 0.001
462 274 0 0.001
462 274 0 0.002
462 273 0 0.002
462 273 0 0.001
462 273 0 0.001
462 273 0 0.002
462 272 0 0.001
462 272 0 0.001
462 272 0 0.002
461 271 0 0.003
461 271 0 0.001
461 271 0 0.002
460 270 0 0.001
460 270 0 0.001
460 270 0 0.002
459 269 0 0.002
459 269 0 0.001
459 269 0 0.002
459 269 0 0.001
458 268 0 0.002
458 268 0 0.002
457 267 0 0.002
457 267 0 0.002
457 267 0 0.001
457 267 0 0.001
456 266 0 0.002
456 266 0 0.001
456 266 0 0.001
455 265 0 0.002
455 265 0 0.002
455 265 0 0.001
454 264 0 0.002
454 264 0 0.001
454 264 0 0.002
454 264 0 0.001
453 263 0 0.002
453 263 0 0.002
452 262 0 0.002
452 262 0 0.001
452 262 0 0.002
451 261 0 0.002
451 261 0 0.001
451 261 0 0.002
450 260 0 0.002
450 260 0 0.001
450 260 0 0.002
450 260 0 0.001
449 259 0 0.002
449 259 0 0.002
449 259 0 0.001
448 258 0 0.002
448 258 0 0.002
448 258 0 0.001
447 257 0 0.002
447 257 0 0.001
447 257 0 0.001
446 256 0 0.002
446 256 0 0.001
446 256 0 0.001
446 256 0 0.001
445 255 0 0.002
445 255 0 0.001
445 255 0 0.002
445 255 0 0.001
444 254 0 0.001
444 254 0 0.001
444 254 0 0.001
444 254 0 0.001
443 253 0 0.002
443 253 0 0.002
443 253 0 0.001
443 253 0 0
443 253 0 0.001
442 252 0 0.002
442 252 0 0.001
442 252 0 0.001
441 251 0 0.002
441 251 0 0.002
441 251 0 0.001
441 251 0 0.001
440 250 0 0.001
440 250 0 0.001
440 250 0 0.001
440 250 0 0.001
439 249 0 0.002
439 249 0 0.001
439 249 0 0.001
439 249 0 0.001
439 249 0 0.001
438 248 0 0.001
438 248 0 0.002
438 248 0 0.001
438 248 0 0.001
437 247 0 0.001
437 247 0 0.001
437 247 0 0.001
437 247 0 0.001
437 247 0 0.001
436 246 0 0.001
436 246 0 0.001
436 246 0 0.003
435 245 0 0.001
435 245 0 0.001
435 245 0 0.002
435 245 0 0.001
434 244 0 0.001
434 244 0 0.001
434 244 0 0.001
434 244 0 0.001
434 244 0 0.001
433 243 0 0.001
433 243 0 0.002
433 243 0 0.001
433 243 0 0.001
432 242 0 0.001
432 242 0 0.001
432 242 0 0.001
432 242 0 0.001
431 241 0 0.002
431 241 0 0.001
431 241 0 0.001
431 241 0 0.001
431 241 0 0.001
430 240 0 0.001
430 240 0 0.001
430 240 0 0.001
430 240 0 0.001
430 240 0 0.001
429 239 0 0.001
429 239 0 0.002
429 239 0 0.001
428 238 0 0.002
428 238 0 0.001
428 238 0 0.002
428 238 0 0.001
427 237 0 0.001
427 237 0 0.001
427 237 0 0.001
427 237 0 0.001
426 236 0 0.002
426 236 0 0.001
426 236 0 0.001
426 236 0 0.001
425 235 0 0.002
425 235 0 0.001
425 235 0 0.002
424 234 0 0.002
424 234 0 0.001
424 234 0 0.001
424 234 0 0.002
423 233 0 0.001
423 233 0 0.001
423 233 0 0.002
423 233 0 0.001
422 232 0 0.002
422 232 0 0.001
422 232 0 0.001
422 232 0 0.001
421 231 0 0.002
421 231 0 0.001
421 231 0 0
421 231 0 0.002
420 230 0 0.001
420 230 0 0.001
420 230 0 0.001
420 230 0 0.002
419 229 0 0.001
419 229 0 0.001
419 229 0 0.001
419 229 0 0.001
419 229 0 0.001
418 228 0 0.001
418 228 0 0.001
418 228 0 0.003
417 227 0 0.001
417 227 0 0.001
417 227 0 0.001
417 227 0 0.001
417 227 0 0.001
417 227 0 0
416 226 0 0.001
416 226 0 0.002
416 226 0 0.002
416 225 0 0.002
416 225 0 0.001
416 225 0 0.001
416 225 0 0.001
416 224 0 0.001
416 224 0 0.001
416 224 0 0.001
416 224 0 0.001
416 224 0 0.001
416 223 0 0.001
416 223 0 0.001
416 223 0 0.001
416 223 0 0.001
416 223 0 0.001
416 222 0 0.001
416 222 0 0.002
416 222 0 0.001
416 222 0 0.001
416 221 0 0.001
416 221 0 0.001
416 221 0 0.002
416 221 0 0.001
416 220 0 0.003
416 220 0 0.001
416 220 0 0.001
416 219 0 0.001
416 219 0 0.002
416 219 0 0.001
416 219 0 0.001
416 218 0 0.002
416 218 0 0.001
416 218 0 0.001
416 218 0 0.001
416 217 0 0.002
416 217 0 0.001
416 217 0 0.001
416 216 0 0.002
416 216 0 0.001
416 216 0 0.001
416 216 0 0.002
416 215 0 0.001
416 215 0 0.001
416 215 0 0.002
416 215 0 0.001
416 214 0 0.002
416 214 0 0.001
416 214 0 0.001
416 214 0 0.001
416 213 0 0.001
416 213 0 0.002
416 213 0 0
416 213 0 0.002
416 212 0 0.001
416 212 0 0.001
416 212 0 0.001
416 212 0 0.001
416 212 0 0.001
416 211 0 0.001
416 211 0 0.001
416 211 0 0.001
416 211 0 0.002
416 211 0 0
416 210 0 0.001
416 210 0 0.001
416 210 0 0.001
416 210 0 0.001
416 210 0 0.001
416 209 0 0.001
416 209 0 0.001
416 209 0 0.002
416 209 0 0.001
416 208 0 0.002
416 208 0 0.001
416 208 0 0.001
416 208 0 0.001
416 207 0 0.001
416 207 0 0.001
416 207 0 0.001
416 207 0 0.001
416 207 0 0.001
416 206 0 0.001
416 206 0 0
416 206 0 0.001
416 206 0 0.001
416 206 0 0.001
416 206 0 0.001
416 205 0 0.001
416 205 0 0.001
416 205 0 0.001
416 205 0 0.001
416 205 0 0.001
416 204 0 0.001
416 204 0 0.001
416 204 0 0
416 204 0 0.001
416 204 0 0.001
416 204 0 0.001
416 203 0 0.001
416 203 0 0.001
416 203 0 0.001
416 203 0 0.001
416 203 0 0.001
416 202 0 0.001
416 202 0 0
416 202 0 0.001
416 202 0 0.001
416 202 0 0.002
416 201 0 0.001
416 201 0 0.001
416 201 0 0.001
416 201 0 0.001
416 201 0 0.001
416 200 0 0.001
416 200 0 0.001
416 200 0 0
416 200 0 0.001
416 200 0 0.001
416 199 0 0.002
416 199 0 0.001
416 199 0 0.001
416 199 0 0.001
416 198 0 0.002
416 198 0 0.001
416 198 0 0.001
416 198 0 0.001
416 198 0 0.001
416 197 0 0.001
416 197 0 0.001
416 197 0 0.001
416 197 0 0.001
416 197 0 0.001
416 196 0 0.001
416 196 0 0.001
416 196 0 0.001
416 196 0 0
416 196 0 0.001
416 195 0 0.002
416 195 0 0.001
416 195 0 0.001
416 195 0 0.001
416 195 0 0.001
416 195 0 0
416 194 0 0.001
416 194 0 0.001
416 194 0 0
416 194 0 0.001
416 194 0 0.001
416 194 0 0.001
416 193 0 0.001
416 193 0 0.001
416 193 0 0.001
416 193 0 0.001
416 193 0 0.001
416 192 0 0.001
416 192 0 0.001
416 192 0 0.001
416 192 0 0.001
416 192 0 0.001
416 191 0 0.001
416 191 0 0.002
416 191 0 0.001
416 191 0 0
416 191 0 0.001
416 190 0 0.001
416 190 0 0.001
416 190 0 0.001
416 190 0 0.001
416 190 0 0
416 189 0 0.002
416 189 0 0.001
416 189 0 0.001
416 189 0 0.001
416 189 0 0.001
416 188 0 0.001
416 188 0 0.001
416 188 0 0.001
416 188 0 0.001
416 188 0 0.001
416 187 0 0.001
417 187 0 0.002
417 187 0 0.001
417 187 0 0.001
417 186 0 0.001
417 186 0 0
417 186 0 0.001
418 186 0 0.001
418 186 0 0.001
418 186 0 0.001
418 185 0 0.001
418 185 0 0.001
419 185 0 0.001
419 185 0 0.001
419 185 0 0.001
419 184 0 0.001
419 184 0 0.001
419 184 0 0
420 184 0 0.001
420 184 0 0.002
420 184 0 0
420 183 0 0.001
420 183 0 0.001
421 183 0 0.001
421 183 0 0
421 183 0 0.001
421 183 0 0.001
421 182 0 0.001
421 182 0 0.001
422 182 0 0.002
422 182 0 0.001
422 181 0 0.001
422 181 0 0.001
422 181 0 0
423 181 0 0.001
423 181 0 0.001
423 181 0 0.001
423 181 0 0
423 180 0 0.001
423 180 0 0.001
424 180 0 0.002
424 180 0 0.001
424 179 0 0.001
424 179 0 0
424 179 0 0.001
425 179 0 0.001
425 179 0 0.001
425 179 0 0.001
425 178 0 0.002
426 178 0 0.001
426 178 0 0.001
426 178 0 0.001
426 177 0 0.001
426 177 0 0
426 177 0 0.001
427 177 0 0.001
427 177 0 0.001
427 177 0 0.001
427 176 0 0.002
428 176 0 0.001
428 176 0 0.001
428 176 0 0.001
428 175 0 0.001
428 175 0 0.001
429 175 0 0.001
429 175 0 0.001
429 174 0 0.002
429 174 0 0.001
429 174 0 0
430 174 0 0.002
430 174 0 0.001
430 173 0 0.001
430 173 0 0.001
431 173 0 0.001
431 173 0 0.001
431 173 0 0.001
431 173 0 0
431 172 0 0.001
431 172 0 0.001
432 172 0 0.002
432 172 0 0
432 172 0 0.001
432 171 0 0.001
432 171 0 0.001
433 171 0 0.001
433 171 0 0.001
433 171 0 0.001
433 170 0 0.001
433 170 0 0
434 170 0 0.002
434 170 0 0
434 170 0 0.001
434 170 0 0.001
434 169 0 0.001
434 169 0 0.001
435 169 0 0.001
435 169 0 0.001
435 169 0 0.001
435 168 0 0.001
436 168 0 0.002
436 168 0 0.001
436 168 0 0.001
436 168 0 0
436 167 0 0.001
436 167 0 0.001
437 167 0 0.001
437 167 0 0.001
437 167 0 0.001
438 166 0 0.003
438 166 0 0.001
438 166 0 0.001
438 165 0 0.002
439 165 0 0.001
439 165 0 0.001
439 164 0 0.002
440 164 0 0.002
440 164 0 0.001
440 164 0 0.001
440 163 0 0.002
441 163 0 0.001
441 163 0 0
441 163 0 0.001
441 163 0 0.001
441 162 0 0.001
441 162 0 0.001
442 162 0 0.001
442 162 0 0.001
442 162 0 0.001
442 161 0 0.001
442 161 0 0.001
443 161 0 0.001
443 161 0 0.001
443 161 0 0.001
443 160 0 0.001
443 160 0 0
444 160 0 0.002
444 160 0 0.001
444 160 0 0
444 159 0 0.002
444 159 0 0.001
445 159 0 0.001
445 159 0 0.001
445 158 0 0.002
445 158 0 0.001
446 158 0 0.001
446 158 0 0.001
446 158 0 0.001
446 157 0 0.002
447 157 0 0.002
447 157 0 0.001
447 156 0 0.001
447 156 0 0.001
448 156 0 0.002
448 156 0 0.001
448 155 0 0.001
449 155 0 0.002
449 155 0 0.001
449 155 0 0.001
449 154 0 0.002
450 154 0 0.001
450 154 0 0.001
450 154 0 0.001
450 153 0 0.001
450 153 0 0.001
451 153 0 0.001
451 153 0 0.002
451 152 0 0.001
451 152 0 0.001
452 152 0 0.001
452 152 0 0.001
452 152 0 0.001
452 151 0 0.001
452 151 0 0.001
453 151 0 0.001
453 151 0 0.001
453 151 0 0.001
453 150 0 0.002
454 150 0 0.001
454 150 0 0
454 150 0 0.001
454 150 0 0.001
454 149 0 0.001
454 149 0 0.001
455 149 0 0.001
455 149 0 0.001
455 149 0 0.001
455 148 0 0.001
455 148 0 0.001
456 148 0 0.001
456 148 0 0.001
456 148 0 0
456 147 0 0.002
456 147 0 0.001
457 147 0 0.001
457 147 0 0
457 147 0 0.001
457 147 0 0.001
457 146 0 0.001
457 146 0 0.001
458 146 0 0.001
458 146 0 0.001
458 146 0 0.001
458 145 0 0.001
458 145 0 0.001
459 145 0 0.002
459 145 0 0.001
459 144 0 0.001
460 144 0 0.002
460 144 0 0.001
460 144 0 0.001
460 143 0 0.001
460 143 0 0.001
461 143 0 0.001
461 143 0 0.001
461 143 0 0.001
461 142 0 0.001
461 142 0 0.001
462 142 0 0.002
462 141 0 0.002
462 141 0 0.001
463 141 0 0.002
463 141 0 0.001
463 140 0 0.001
463 140 0 0.001
464 140 0 0.001
464 140 0 0.001
464 140 0 0
464 139 0 0.002
464 139 0 0.001
465 139 0 0.001
465 139 0 0.001
465 138 0 0.002
465 138 0 0.001
466 138 0 0.001
466 138 0 0.001
466 138 0 0.001
466 137 0 0.002
467 137 0 0.001
467 137 0 0.001
467 136 0 0.002
467 136 0 0.001
468 136 0 0.001
468 136 0 0.002
468 135 0 0.001
469 135 0 0.003
469 135 0 0.001
469 134 0 0.001
470 134 0 0.002
470 134 0 0.001
470 134 0 0.001
470 133 0 0.001
470 133 0 0
471 133 0 0.002
471 133 0 0.001
471 133 0 0.001
471 132 0 0.002
472 132 0 0.002
472 131 0 0.002
472 131 0 0.001
473 131 0 0.002
473 130 0 0.002
474 130 0 0.002
474 130 0 0.002
474 129 0 0.002
475 129 0 0.001
475 129 0 0.001
475 129 0 0.001
475 128 0 0.001
476 128 0 0.003
476 128 0 0.001
476 127 0 0.001
476 127 0 0.001
477 127 0 0.001
477 127 0 0
477 127 0 0.001
477 127 0 0.001
477 126 0 0.002
478 126 0 0.001
478 126 0 0.001
478 125 0 0.002
479 125 0 0.002
479 125 0 0.001
479 125 0 0.001
479 124 0 0.001
479 124 0 0.001
480 124 0 0.001
480 124 0 0.001
480 124 0 0.002
480 124 0 0.001
481 124 0 0.001
481 124 0 0.002
481 124 0 0.001
481 124 0 0.001
482 124 0 0.001
482 124 0 0.001
482 124 0 0.003
483 124 0 0.001
483 124 0 0.001
483 124 0 0
483 124 0 0.003
484 124 0 0.001
484 124 0 0.001
484 124 0 0.002
484 124 0 0.001
485 124 0 0.002
485 124 0 0.001
485 124 0 0.002
486 124 0 0.001
486 124 0 0.001
486 124 0 0.001
486 124 0 0.001
486 124 0 0.001
487 124 0 0.001
487 124 0 0.001
487 124 0 0.001
487 124 0 0.001
487 124 0 0.001
488 124 0 0.001
488 124 0 0.002
488 124 0 0.001
488 124 0 0.001
489 124 0 0.002
489 124 0 0.001
489 124 0 0.001
490 124 0 0.002
490 124 0 0.001
490 124 0 0.001
490 124 0 0.001
490 124 0 0.001
491 124 0 0.001
491 124 0 0.001
491 124 0 0.001
491 124 0 0.002
492 124 0 0.001
492 124 0 0.002
492 124 0 0.001
492 124 0 0.001
493 124 0 0.001
493 124 0 0.001
493 124 0 0.001
493 124 0 0.001
493 124 0 0.001
494 124 0 0.001
494 124 0 0.001
494 124 0 0.001
494 124 0 0.001
494 124 0 0.001
495 124 0 0.002
495 124 0 0.001
495 124 0 0.001
495 124 0 0.001
496 124 0 0.002
496 124 0 0.001
496 124 0 0.001
497 124 0 0.002
497 124 0 0.001
497 124 0 0.001
497 124 0 0.001
497 124 0 0.001
498 124 0 0.001
498 124 0 0.001
498 124 0 0.001
498 124 0 0.001
498 124 0 0.001
499 124 0 0.001
499 124 0 0.001
499 124 0 0.001
499 124 0 0.001
499 124 0 0.001
500 124 0 0.001
500 124 0 0.001
500 124 0 0.001
500 124 0 0.001
500 124 0 0.001
501 124 0 0.001
501 124 0 0.001
501 124 0 0
501 124 0 0.001
501 124 0 0.001
501 124 0 0.001
502 124 0 0.001
502 124 0 0.001
502 124 0 0.001
502 124 0 0.001
502 124 0 0.001
503 124 0 0.001
503 124 0 0.001
503 124 0 0.001
503 124 0 0.001
503 124 0 0.001
504 124 0 0.001
504 124 0 0.001
504 124 0 0.002
504 124 0 0
504 124 0 0.001
505 124 0 0.001
505 124 0 0.001
505 124 0 0.001
505 124 0 0.001
505 124 0 0.001
506 124 0 0.001
506 124 0 0.001
506 124 0 0.001
506 124 0 0.001
507 124 0 0.002
507 124 0 0
507 124 0 0.001
507 124 0 0.001
507 124 0 0.001
507 124 0 0.001
508 124 0 0.001
508 124 0 0.001
508 124 0 0.001
508 124 0 0.001
508 124 0 0.001
509 124 0 0.001
509 124 0 0.001
509 124 0 0.001
509 124 0 0.001
509 124 0 0.001
510 124 0 0.003
510 124 0 0.001
510 124 0 0.001
511 124 0 0.002
511 124 0 0
511 124 0 0.001
511 124 0 0.001
511 124 0 0.001
512 124 0 0.001
512 124 0 0.001
512 124 0 0.001
512 124 0 0.001
512 124 0 0.001
513 124 0 0.001
513 124 0 0.001
513 124 0 0.001
513 124 0 0.001
513 124 0 0.001
514 124 0 0.001
514 124 0 0.001
514 124 0 0.001
514 124 0 0.001
514 124 0 0
514 124 0 0.001
515 124 0 0.001
515 124 0 0.002
515 124 0 0.001
515 124 0 0.001
516 124 0 0.001
516 124 0 0.001
516 124 0 0.001
516 124 0 0.001
516 124 0 0.001
516 124 0 0
517 124 0 0.001
517 124 0 0.002
517 124 0 0.002
517 124 0 0
518 124 0 0.001
518 124 0 0.001
518 124 0 0.001
518 124 0 0.001
518 124 0 0.001
519 124 0 0.001
519 124 0 0.001
519 124 0 0.001
519 124 0 0.001
519 124 0 0.001
520 124 0 0.001
520 124 0 0.001
520 124 0 0.001
520 124 0 0.001
520 124 0 0
520 124 0 0.001
521 124 0 0.001
521 124 0 0.002
521 124 0 0.001
521 124 0 0.001
522 124 0 0.001
522 124 0 0.001
522 124 0 0.001
522 124 0 0.001
522 124 0 0.001
522 124 0 0
523 124 0 0.001
523 124 0 0.002
523 124 0 0.001
523 124 0 0.001
524 124 0 0.001
524 124 0 0.001
524 124 0 0.001
524 124 0 0.001
524 124 0 0.001
524 124 0 0
525 124 0 0.003
525 124 0 0.001
525 124 0 0.001
526 124 0 0.001
526 124 0 0.001
526 124 0 0
526 124 0 0.001
526 124 0 0.001
526 124 0 0.001
527 124 0 0.001
527 124 0 0.002
527 124 0 0.001
527 124 0 0
527 124 0 0.001
528 124 0 0.001
528 124 0 0.001
528 124 0 0.001
528 124 0 0.001
528 124 0 0.001
529 124 0 0.001
529 124 0 0.001
529 124 0 0.001
529 124 0 0.001
529 124 0 0.001
530 124 0 0.002
530 124 0 0.001
530 124 0 0.001
530 124 0 0.001
531 124 0 0.001
531 124 0 0.001
531 124 0 0
531 124 0 0.003
532 124 0 0.001
532 124 0 0.002
532 124 0 0.001
533 124 0 0.002
533 124 0 0.001
533 124 0 0.001
533 124 0 0.001
534 124 0 0.002
534 124 0 0.001
534 124 0 0.001
534 124 0 0.001
534 124 0 0.001
535 124 0 0.001
535 124 0 0.001
535 124 0 0.001
535 124 0 0.001
535 124 0 0.001
536 124 0 0.001
536 124 0 0.001
536 124 0 0.002
536 124 0 0.001
537 124 0 0.001
537 124 0 0.001
537 124 0 0.001
537 124 0 0
537 124 0 0.001
537 124 0 0.001
538 124 0 0.001
538 124 0 0.001
538 124 0 0.001
538 124 0 0.001
538 124 0 0.001
539 124 0 0.002
539 124 0 0.001
539 124 0 0.001
539 124 0 0
539 124 0 0.001
540 124 0 0.001
540 124 0 0.001
540 124 0 0.001
540 124 0 0.001
540 124 0 0
541 124 0 0.002
541 124 0 0.001
541 124 0 0.001
541 124 0 0.001
541 124 0 0.001
542 124 0 0.001
542 124 0 0.001
542 124 0 0.001
542 124 0 0.001
542 124 0 0.001
543 124 0 0.001
543 124 0 0.002
543 124 0 0
543 124 0 0.001
543 124 0 0.001
544 124 0 0.001
544 124 0 0.001
544 124 0 0.001
544 124 0 0.001
544 124 0 0
544 124 0 0.001
545 124 0 0.002
545 124 0 0.001
545 124 0 0.001
545 124 0 0.001
546 124 0 0.001
546 124 0 0.001
546 124 0 0.001
546 124 0 0.001
546 124 0 0.001
546 124 0 0
547 124 0 0.002
547 124 0 0.001
547 124 0 0.001
547 124 0 0.001
548 124 0 0.001
548 124 0 0.001
548 124 0 0.001
548 124 0 0.002
549 124 0 0.002
549 124 0 0.001
549 124 0 0.001
550 124 0 0.002
550 124 0 0.001
550 124 0 0.001
550 124 0 0.001
550 124 0 0.001
551 124 0 0.001
551 124 0 0.001
551 124 0 0.001
551 124 0 0.002
552 124 0 0.001
552 124 0 0.001
552 124 0 0.002
552 124 0 0.001
553 124 0 0.001
553 124 0 0.001
553 124 0 0.001
553 124 0 0.001
554 124 0 0.002
554 124 0 0.001
554 124 0 0.001
554 124 0 0.002
555 124 0 0.001
555 124 0 0.001
555 124 0 0.002
555 124 0 0.001
556 124 0 0.002
556 124 0 0.002
557 124 0 0.002
557 124 0 0.001
557 124 0 0.001
557 124 0 0.001
557 124 0 0.001
558 124 0 0.002
558 124 0 0.001
558 124 0 0.001
558 124 0 0.001
559 124 0 0.001
559 124 0 0.001
559 124 0 0.001
559 124 0 0.001
559 124 0 0.001
560 124 0 0.001
560 124 0 0.001
560 124 0 0.001
560 124 0 0.001
560 124 0 0.001
561 124 0 0.002
561 124 0 0.001
561 124 0 0.001
561 124 0 0.001
562 124 0 0.001
562 124 0 0.001
562 124 0 0.001
562 124 0 0.001
562 124 0 0.001
563 124 0 0.001
563 124 0 0.001
563 124 0 0.001
563 124 0 0.001
563 124 0 0.001
564 124 0 0.001
564 124 0 0
564 124 0 0.001
564 124 0 0.001
564 124 0 0.001
564 124 0 0.001
565 124 0 0.001
565 124 0 0
565 124 0 0.002
565 124 0 0.001
565 124 0 0.001
566 124 0 0.001
566 124 0 0.001
566 124 0 0.001
566 124 0 0.001
566 124 0 0.001
567 124 0 0.001
567 124 0 0.001
567 124 0 0.001
567 124 0 0.001
567 124 0 0.001
568 124 0 0.001
568 124 0 0.001
568 124 0 0.001
568 124 0 0.001
568 124 0 0.001
569 124 0 0.001
569 124 0 0.001
569 124 0 0.002
569 124 0 0.001
570 124 0 0.001
570 124 0 0.002
570 124 0 0.002
571 124 0 0.002
571 124 0 0.002
572 124 0 0.003
572 124 0 0.002
572 124 0 0.001
573 124 0 0.001
573 124 0 0.001
573 124 0 0.002
573 124 0 0.001
574 124 0 0.001
574 124 0 0.002
574 124 0 0.001
574 124 0 0
575 124 0 0.002
575 124 0 0.001
575 124 0 0.001
575 124 0 0.001
575 124 0 0.001
576 124 0 0.001
576 124 0 0.001
576 124 0 0.001
576 124 0 0.001
576 124 0 0.001
577 124 0 0.001
577 124 0 0.001
577 124 0 0.001
577 124 0 0.001
577 124 0 0.001
577 124 0 0
578 124 0 0.001
578 124 0 0.001
578 124 0 0.002
579 124 0 0.002
579 124 0 0.001
579 124 0 0.001
579 124 0 0.001
579 124 0 0.001
580 124 0 0.002
580 124 0 0.001
580 124 0 0.001
580 124 0 0.001
581 124 0 0.002
581 124 0 0.001
581 124 0 0.001
581 124 0 0.001
582 124 0 0.001
582 124 0 0.002
582 124 0 0.002
583 124 0 0.001
583 124 0 0.002
583 124 0 0.001
583 124 0 0.001
584 124 0 0.001
584 124 0 0.001
584 124 0 0
584 124 0 0.001
584 124 0 0.002
585 124 0 0.001
585 124 0 0.001
585 124 0 0.001
585 124 0 0.001
585 124 0 0.001
586 124 0 0.002
586 124 0 0.001
586 124 0 0.001
586 124 0 0.001
587 124 0 0.001
587 124 0 0.001
587 124 0 0.001
587 124 0 0.001
587 124 0 0.001
587 124 0 0
588 124 0 0.001
588 124 0 0.001
588 124 0 0.001
588 124 0 0.001
588 124 0 0.001
589 124 0 0.001
589 124 0 0.002
589 124 0 0.001
589 124 0 0.001
589 124 0 0
590 124 0 0.001
590 124 0 0.001
590 124 0 0.001
590 124 0 0.002
591 124 0 0.001
591 124 0 0.001
591 124 0 0.001
591 124 0 0.001
591 124 0 0.001
592 124 0 0.001
592 124 0 0.001
592 124 0 0.001
592 124 0 0.001
593 124 0 0.002
593 124 0 0.001
593 124 0 0
593 124 0 0.003
593 124 0 0
594 124 0 0.001
594 124 0 0.001
594 124 0 0.001
594 124 0 0.001
594 124 0 0.001
595 124 0 0.001
595 124 0 0.001
595 124 0 0.001
595 124 0 0.002
596 124 0 0.001
596 124 0 0.001
596 124 0 0.001
596 124 0 0.001
596 124 0 0.001
597 124 0 0.001
597 124 0 0.001
597 124 0 0.001
597 124 0 0.001
597 124 0 0.001
598 124 0 0.001
598 124 0 0.001
598 124 0 0.001
598 124 0 0.001
599 124 0 0.002
599 124 0 0.001
599 124 0 0.001
599 124 0 0.001
599 124 0 0.001
600 124 0 0.001
600 124 0 0.001
600 124 0 0.001
600 124 0 0
600 124 0 0.001
600 124 0 0.001
601 124 0 0.001
601 124 0 0.001
601 124 0 0.001
601 124 0 0.001
601 124 0 0.001
602 124 0 0.001
602 124 0 0.001
602 124 0 0.001
602 124 0 0.001
602 124 0 0.001
603 124 0 0.001
603 124 0 0
603 124 0 0.002
603 124 0 0.001
603 124 0 0.001
604 124 0 0.001
604 124 0 0.001
604 124 0 0.001
604 124 0 0.001
604 124 0 0.001
605 124 0 0.001
605 124 0 0.001
605 124 0 0.001
605 124 0 0.001
605 124 0 0.001
606 124 0 0.001
606 124 0 0.001
606 124 0 0.001
606 124 0 0.001
606 124 0 0.001
607 124 0 0.001
607 124 0 0.001
607 124 0 0.001
607 124 0 0.001
607 124 0 0.001
607 124 0 0
608 124 0 0.001
608 124 0 0.002
608 124 0 0.001
608 124 0 0.001
609 124 0 0.001
609 124 0 0.001
609 124 0 0.001
609 124 0 0.001
609 124 0 0.001
610 124 0 0.001
610 124 0 0.001
610 124 0 0.001
610 124 0 0.002
611 124 0 0.001
611 124 0 0.001
611 124 0 0.001
611 124 0 0.001
611 124 0 0.001
612 124 0 0.001
612 124 0 0.001
612 124 0 0
612 124 0 0.001
612 124 0 0.002
613 124 0 0.001
613 124 0 0.001
613 124 0 0.001
613 124 0 0.001
613 124 0 0
613 124 0 0.001
614 124 0 0.001
614 124 0 0.001
614 124 0 0.001
614 124 0 0.001
614 124 0 0.001
615 124 0 0.001
615 124 0 0.001
615 124 0 0.001
615 124 0 0.001
615 124 0 0.001
616 124 0 0.001
616 124 0 0.001
616 124 0 0.001
616 124 0 0
616 124 0 0.002
617 124 0 0.001
617 124 0 0.001
617 124 0 0.002
617 124 0 0.001
617 124 0 0
618 124 0 0.001
618 124 0 0.001
618 124 0 0.002
618 124 0 0.001
619 124 0 0.001
619 124 0 0.002
619 124 0 0
619 124 0 0.001
619 124 0 0.001
620 124 0 0.001
620 124 0 0.001
620 124 0 0.001
620 124 0 0.001
620 124 0 0
620 124 0 0.001
621 124 0 0.001
621 124 0 0.001
621 124 0 0.002
622 124 0 0.002
622 124 0 0.001
622 124 0 0.001
622 124 0 0
622 124 0 0.001
623 124 0 0.002
623 124 0 0.001
623 124 0 0.001
623 124 0 0.001
624 124 0 0.002
624 124 0 0.001
624 124 0 0.001
624 124 0 0
624 124 0 0.001
624 124 0 0.001
625 124 0 0.001
625 124 0 0.001
625 124 0 0.001
625 124 0 0.001
625 124 0 0.001
626 124 0 0.002
626 124 0 0.001
626 124 0 0
626 124 0 0.001
626 124 0 0.001
627 124 0 0.001
627 124 0 0.001
627 124 0 0.001
627 124 0 0.001
627 124 0 0
628 124 0 0.002
628 124 0 0.001
628 124 0 0.001
628 124 0 0.001
628 124 0 0.001
629 124 0 0.001
629 124 0 0.001
629 124 0 0
629 124 0 0.001
629 124 0 0.002
630 124 0 0.001
630 124 0 0.001
630 124 0 0.001
630 124 0 0.001
630 124 0 0.001
631 124 0 0.001
631 124 0 0.001
631 124 0 0.001
631 124 0 0
631 124 0 0.001
631 124 0 0.001
632 124 0 0.001
632 124 0 0.001
632 124 0 0
632 124 0 0.002
632 124 0 0.001
633 124 0 0.001
633 124 0 0.001
633 124 0 0.001
633 124 0 0.001
633 124 0 0
633 124 0 0.001
634 124 0 0.001
634 124 0 0.001
634 124 0 0.001
634 124 0 0.001
634 124 0 0.001
635 124 0 0.001
635 124 0 0.001
635 124 0 0.001
635 124 0 0.001
635 124 0 0.001
636 124 0 0.002
636 124 0 0.001
636 124 0 0.001
637 124 0 0.002
637 124 0 0.001
637 124 0 0.001
637 124 0 0.001
637 124 0 0.001
638 124 0 0.001
638 124 0 0
638 124 0 0.001
638 124 0 0.002
638 124 0 0.001
639 124 0 0.002
639 124 0 0.001
639 124 0 0.002
640 124 0 0.001
640 124 0 0.001
640 124 0 0.001
640 124 0 0.001
640 124 0 0.001
641 124 0 0.001
641 124 0 0.001
641 124 0 0
641 124 0 0.001
641 124 0 0.001
642 124 0 0.003
642 124 0 0.001
642 124 0 0.001
642 124 0 0.001
643 124 0 0.001
643 124 0 0.001
643 124 0 0.001
643 124 0 0.001
643 124 0 0.001
644 124 0 0.001
644 124 0 0
644 124 0 0.002
644 124 0 0.001
644 124 0 0.001
645 124 0 0.001
645 124 0 0.001
645 124 0 0
645 124 0 0.001
645 124 0 0.001
645 124 0 0.001
646 124 0 0.001
646 124 0 0.001
646 124 0 0.001
646 124 0 0.001
646 124 0 0.001
647 124 0 0.001
647 124 0 0.001
647 124 0 0.002
647 124 0 0.001
647 124 0 0
648 124 0 0.002
648 124 0 0.002
648 124 0 0.001
649 124 0 0.002
649 124 0 0.001
649 124 0 0.002
650 125 0 0.001
650 125 0 0.002
650 125 0 0.001
651 126 0 0.002
651 126 0 0.001
651 126 0 0.001
651 126 0 0.001
651 126 0 0
651 126 0 0.001
652 127 0 0.001
652 127 0 0.001
652 127 0 0.001
652 127 0 0.001
653 128 0 0.002
653 128 0 0.002
653 128 0 0.001
653 128 0 0.001
653 128 0 0
654 129 0 0.001
654 129 0 0.001
654 129 0 0.001
654 129 0 0.001
654 129 0 0.001
655 130 0 0.001
655 130 0 0.002
655 130 0 0.001
656 131 0 0.002
656 131 0 0.001
656 131 0 0.002
656 131 0 0.001
657 132 0 0.001
657 132 0 0.001
657 132 0 0.002
657 132 0 0.001
658 133 0 0.001
658 133 0 0.001
658 133 0 0.001
658 133 0 0.002
659 134 0 0.001
659 134 0 0.002
659 134 0 0.001
659 134 0 0.001
660 135 0 0.002
660 135 0 0.001
660 135 0 0.001
660 135 0 0.001
661 136 0 0.001
661 136 0 0.001
661 136 0 0.001
661 136 0 0.001
661 136 0 0.001
662 137 0 0.001
662 137 0 0.001
662 137 0 0.001
662 137 0 0.002
663 138 0 0.001
663 138 0 0.001
663 138 0 0
663 138 0 0.001
663 138 0 0.001
663 138 0 0.001
664 139 0 0.001
664 139 0 0.002
664 139 0 0.001
664 139 0 0
664 139 0 0.001
665 140 0 0.002
665 140 0 0.001
665 140 0 0.001
665 140 0 0.001
666 141 0 0.001
666 141 0 0.001
666 141 0 0.001
666 141 0 0.001
666 141 0 0.001
667 142 0 0.001
667 142 0 0.001
667 142 0 0.001
667 142 0 0.001
668 143 0 0.002
668 143 0 0.001
668 143 0 0.001
668 143 0 0.001
668 143 0 0.001
668 143 0 0
669 144 0 0.002
669 144 0 0
669 144 0 0.002
669 144 0 0.001
670 145 0 0.001
670 145 0 0
670 145 0 0.001
670 145 0 0.001
670 145 0 0.001
670 145 0 0.001
671 146 0 0.001
671 146 0 0.001
671 146 0 0.001
671 146 0 0.001
671 146 0 0
671 146 0 0.001
672 147 0 0.001
672 147 0 0.001
672 147 0 0.001
672 147 0 0.002
673 148 0 0.001
673 148 0 0.001
673 148 0 0.001
673 148 0 0.001
673 148 0 0
673 148 0 0.001
674 149 0 0.001
674 149 0 0.002
674 149 0 0.001
674 149 0 0.001
675 150 0 0.001
675 150 0 0.001
675 150 0 0.001
675 150 0 0.001
675 150 0 0.001
675 150 0 0
676 151 0 0.002
676 151 0 0.001
676 151 0 0.001
676 151 0 0.001
677 152 0 0.001
677 152 0 0.001
677 152 0 0
677 152 0 0.001
677 152 0 0.001
678 153 0 0.002
678 153 0 0.001
678 153 0 0
678 153 0 0.001
678 153 0 0.001
678 153 0 0.001
679 154 0 0.001
679 154 0 0.001
679 154 0 0.001
679 154 0 0.001
679 154 0 0.001
680 155 0 0.001
680 155 0 0.001
680 155 0 0.001
680 155 0 0.001
680 155 0 0.001
681 156 0 0.001
681 156 0 0.001
681 156 0 0.002
681 156 0 0.001
682 157 0 0.002
682 157 0 0.001
682 157 0 0.001
682 157 0 0.001
683 158 0 0.002
683 158 0 0.002
683 158 0 0.001
684 159 0 0.001
684 159 0 0.001
684 159 0 0.001
684 159 0 0.001
684 159 0 0
684 159 0 0.001
685 160 0 0.002
685 160 0 0.001
685 160 0 0.001
685 160 0 0.001
686 161 0 0.001
686 161 0 0.001
686 161 0 0
686 161 0 0.001
686 161 0 0.001
687 162 0 0.002
687 162 0 0.001
687 162 0 0.002
687 162 0 0
687 162 0 0.001
688 163 0 0.001
688 163 0 0.002
688 163 0 0.001
688 163 0 0.001
689 164 0 0.001
689 164 0 0.001
689 164 0 0.001
689 164 0 0.001
689 164 0 0.001
690 165 0 0.001
690 165 0 0.002
690 165 0 0.001
690 165 0 0.001
691 166 0 0.001
691 166 0 0.001
691 166 0 0.001
691 166 0 0
691 166 0 0.001
692 167 0 0.002
692 167 0 0.001
692 167 0 0.001
692 167 0 0.001
692 167 0 0.001
693 168 0 0.001
693 168 0 0.001
693 168 0 0.001
693 168 0 0.001
693 168 0 0.001
694 169 0 0.001
694 169 0 0.001
694 169 0 0
694 169 0 0.001
694 169 0 0.001
694 169 0 0.001
695 170 0 0.002
695 170 0 0.001
695 170 0 0.001
695 170 0 0.001
696 171 0 0.001
696 171 0 0
696 171 0 0.001
696 171 0 0.001
696 171 0 0
696 171 0 0.002
696 171 0 0
697 172 0 0.002
697 172 0 0.001
697 172 0 0.001
697 172 0 0.001
697 172 0 0
698 173 0 0.001
698 173 0 0.001
698 173 0 0.001
699 174 0 0.003
699 174 0 0.001
699 174 0 0.002
699 174 0 0.001
700 175 0 0.001
700 175 0 0.001
700 175 0 0.001
700 175 0 0.001
701 175 0 0.003
701 175 0 0.002
701 175 0 0.001
702 175 0 0.001
702 175 0 0.002
702 175 0 0.001
702 175 0 0.001
703 175 0 0.002
703 175 0 0.001
703 175 0 0.001
703 175 0 0.001
704 175 0 0.001
704 175 0 0.001
704 175 0 0.001
704 175 0 0.001
704 175 0 0.001
705 175 0 0.002
705 175 0 0.001
705 175 0 0.001
705 175 0 0.001
706 175 0 0.001
706 175 0 0.001
706 175 0 0.002
706 175 0 0.001
707 175 0 0.001
707 175 0 0.001
707 175 0 0.002
707 175 0 0.001
708 175 0 0.001
708 175 0 0.002
708 175 0 0.001
708 175 0 0.001
709 175 0 0.002
709 175 0 0.001
709 175 0 0.001
709 175 0 0.001
710 175 0 0.001
710 175 0 0.001
710 175 0 0
710 175 0 0.001
710 175 0 0.001
710 175 0 0.001
711 175 0 0.001
711 175 0 0.001
711 175 0 0.001
711 175 0 0.001
711 175 0 0.001
712 175 0 0.002
712 175 0 0.002
713 175 0 0.002
713 175 0 0.001
713 175 0 0.002
713 175 0 0.001
714 175 0 0.001
714 175 0 0.001
714 175 0 0.001
714 175 0 0.001
715 175 0 0.002
715 175 0 0.001
715 175 0 0.001
715 175 0 0.001
715 175 0 0.001
716 175 0 0.002
716 175 0 0.001
716 175 0 0.001
716 175 0 0.001
717 175 0 0.002
717 175 0 0.001
717 175 0 0.001
717 175 0 0.001
718 175 0 0.001
718 175 0 0.001
718 175 0 0.001
718 175 0 0.002
719 175 0 0.001
719 175 0 0.001
719 175 0 0.001
719 175 0 0.001
719 175 0 0.001
720 175 0 0.001
720 175 0 0.001
720 175 0 0.001
720 175 0 0.001
720 175 0 0.001
721 175 0 0.001
721 175 0 0.001
721 175 0 0.002
721 175 0 0.001
722 175 0 0.001
722 175 0 0.002
722 175 0 0.001
723 175 0 0.003
723 175 0 0.001
723 175 0 0.001
723 175 0 0.001
723 175 0 0
724 175 0 0.001
724 175 0 0.001
724 175 0 0.001
724 175 0 0.002
725 175 0 0.001
725 175 0 0.002
725 175 0 0.001
725 175 0 0.001
726 175 0 0.001
726 175 0 0.001
726 175 0 0.001
726 175 0 0.002
727 175 0 0.001
727 175 0 0.001
727 175 0 0.001
727 175 0 0.001
727 175 0 0.001
728 175 0 0.001
728 175 0 0.001
728 175 0 0.002
728 175 0 0.001
729 174 0 0.001
729 174 0 0.001
729 174 0 0.002
729 174 0 0.001
730 173 0 0.001
730 173 0 0.001
730 173 0 0.001
730 173 0 0.001
730 173 0 0.001
731 172 0 0.001
731 172 0 0.001
731 172 0 0.001
731 172 0 0.001
732 171 0 0.003
732 171 0 0.001
732 171 0 0.001
732 171 0 0.001
733 170 0 0.001
733 170 0 0.001
733 170 0 0.001
733 170 0 0.002
733 170 0 0
734 169 0 0.001
734 169 0 0.001
734 169 0 0.002
734 169 0 0.001
735 168 0 0.001
735 168 0 0.002
735 168 0 0.002
736 167 0 0.001
736 167 0 0
736 167 0 0.001
736 167 0 0.001
736 167 0 0.001
736 167 0 0.001
737 166 0 0.001
737 166 0 0.001
737 166 0 0.002
737 166 0 0.001
738 165 0 0.001
738 165 0 0.001
738 165 0 0.001
738 165 0 0.001
738 165 0 0.001
739 164 0 0.001
739 164 0 0.002
739 164 0 0.001
739 164 0 0.001
740 163 0 0.001
740 163 0 0.001
740 163 0 0.001
740 163 0 0.001
741 162 0 0.002
741 162 0 0.001
741 162 0 0.001
741 162 0 0.001
741 162 0 0.001
742 161 0 0.001
742 161 0 0.001
742 161 0 0.002
742 161 0 0.001
743 160 0 0.001
743 160 0 0.001
743 160 0 0.001
743 160 0 0
743 160 0 0.001
743 160 0 0.001
744 159 0 0.001
744 159 0 0.001
744 159 0 0.002
744 159 0 0.001
745 158 0 0.001
745 158 0 0.001
745 158 0 0.001
745 158 0 0.001
745 158 0 0.001
746 157 0 0.001
746 157 0 0.002
746 157 0 0.001
746 157 0 0.001
747 156 0 0.001
747 156 0 0.001
747 156 0 0.001
747 156 0 0.001
747 156 0 0.001
748 155 0 0.002
748 155 0 0.001
748 155 0 0.001
748 155 0 0.001
749 154 0 0.001
749 154 0 0.001
749 154 0 0.001
749 154 0 0.001
750 153 0 0.002
750 153 0 0.001
750 153 0 0
750 153 0 0.001
750 153 0 0.001
750 153 0 0.001
751 152 0 0.001
751 152 0 0
751 152 0 0.001
751 152 0 0.002
751 152 0 0.001
752 151 0 0.001
752 151 0 0.001
752 151 0 0.001
752 151 0 0.001
752 151 0 0.001
753 150 0 0.001
753 150 0 0.001
753 150 0 0.001
753 150 0 0.001
753 150 0 0.001
753 150 0 0
754 149 0 0.001
754 149 0 0.001
754 149 0 0.001
754 149 0 0.002
755 148 0 0.001
755 148 0 0
755 148 0 0.002
755 148 0 0
755 148 0 0.001
755 148 0 0.001
756 147 0 0.001
756 147 0 0.001
756 147 0 0.001
756 147 0 0
756 147 0 0.001
757 146 0 0.002
757 146 0 0.001
757 146 0 0.001
757 146 0 0
757 146 0 0.001
757 146 0 0.001
758 145 0 0.001
758 145 0 0.001
758 145 0 0
758 145 0 0.002
758 145 0 0.001
759 144 0 0.001
759 144 0 0.001
759 144 0 0.001
759 144 0 0.001
759 144 0 0.001
760 143 0 0.001
760 143 0 0.002
760 143 0 0.001
761 142 0 0.002
761 142 0 0.001
761 142 0 0.001
761 142 0 0.001
761 142 0 0.001
762 141 0 0.001
762 141 0 0.003
762 141 0 0.001
763 140 0 0.001
763 140 0 0.001
763 140 0 0.002
763 140 0 0.001
763 140 0 0
764 139 0 0.002
764 139 0 0.001
764 139 0 0.001
764 139 0 0.001
765 138 0 0.002
765 138 0 0.001
765 138 0 0.001
766 137 0 0.003
766 137 0 0.001
766 137 0 0.001
766 137 0 0.001
767 136 0 0.002
767 136 0 0.001
767 136 0 0.002
768 135 0 0.001
768 135 0 0.001
768 135 0 0.001
768 135 0 0.002
769 134 0 0.001
769 134 0 0.001
769 134 0 0.001
769 134 0 0.002
770 133 0 0.001
770 133 0 0.001
770 133 0 0.001
770 133 0 0.001
770 133 0 0.001
771 132 0 0.001
771 132 0 0.001
771 132 0 0.001
771 132 0 0.002
772 131 0 0.001
772 131 0 0.001
772 131 0 0.001
772 131 0 0.001
772 131 0 0.001
773 130 0 0.002
773 130 0 0.001
773 130 0 0.001
773 130 0 0.001
774 129 0 0.001
774 129 0 0.001
774 129 0 0
774 129 0 0.001
774 129 0 0.001
775 128 0 0.002
775 128 0 0.001
775 128 0 0.001
775 128 0 0
775 128 0 0.001
775 128 0 0.001
776 127 0 0.001
776 127 0 0.001
776 127 0 0.001
776 127 0 0.002
777 126 0 0.001
777 126 0 0.001
777 126 0 0.001
777 126 0 0.001
777 126 0 0.001
778 126 0 0.001
778 126 0 0.001
778 126 0 0.001
778 126 0 0.001
778 126 0 0.001
779 126 0 0.001
779 126 0 0.001
779 126 0 0
779 126 0 0.001
779 126 0 0.001
779 126 0 0.001
783 126 0 0.02
784 126 0 0.002
784 126 0 0.001
784 126 0 0.001
784 126 0 0
784 126 0 0.001
785 126 0 0.001
785 126 0 0.001
785 126 0 0.001
785 126 0 0.001
785 126 0 0.001
786 126 0 0.002
786 126 0 0
786 126 0 0.001
786 126 0 0.001
786 126 0 0.001
787 126 0 0.001
787 126 0 0.001
787 126 0 0.001
787 126 0 0.001
787 126 0 0.001
788 126 0 0.001
788 126 0 0.001
788 126 0 0.001
788 126 0 0.002
789 126 0 0.001
789 126 0 0.001
789 126 0 0.001
789 126 0 0.001
789 126 0 0.001
790 126 0 0.001
790 126 0 0.001
790 126 0 0.001
790 126 0 0.001
790 126 0 0.001
791 126 0 0.001
791 126 0 0.002
791 126 0 0.001
792 126 0 0.002
792 126 0 0.002
792 126 0 0.001
792 126 0 0.001
793 126 0 0.001
793 126 0 0.001
793 126 0 0.002
793 126 0 0.001
794 126 0 0.001
794 126 0 0.002
794 126 0 0.001
794 126 0 0.001
795 126 0 0.001
795 126 0 0.001
795 126 0 0.001
795 126 0 0.001
795 126 0 0.001
796 126 0 0.001
796 126 0 0.001
796 126 0 0.001
796 126 0 0.001
796 126 0 0.001
797 126 0 0.001
797 126 0 0.001
797 126 0 0.002
797 126 0 0
797 126 0 0.001
798 126 0 0.001
798 126 0 0.001
798 126 0 0.001
798 126 0 0.001
799 126 0 0.002
799 126 0 0.001
799 126 0 0.001
799 126 0 0.001
799 126 0 0
799 126 0 0.001
800 126 0 0.001
800 126 0 0.001
800 126 0 0.001
800 126 0 0.001
800 126 0 0.001
801 126 0 0.001
801 126 0 0.001
801 126 0 0.001
801 126 0 0.001
801 126 0 0.001
802 126 0 0.001
802 126 0 0.001
802 126 0 0.001
802 126 0 0.002
803 126 0 0.001
803 126 0 0.001
803 126 0 0.001
803 126 0 0.001
803 126 0 0.001
804 126 0 0.001
804 126 0 0.001
804 126 0 0.001
804 126 0 0.001
804 126 0 0.001
805 126 0 0.001
805 126 0 0.001
805 126 0 0.001
805 126 0 0.001
805 126 0 0
805 126 0 0.001
806 126 0 0.003
806 126 0 0.001
806 126 0 0
806 126 0 0.001
807 126 0 0.002
807 126 0 0.001
807 126 0 0
807 126 0 0.002
808 126 0 0.001
808 126 0 0.001
808 126 0 0.001
808 126 0 0.001
808 126 0 0.001
809 126 0 0.001
809 126 0 0.001
809 126 0 0.001
809 126 0 0.001
809 126 0 0.001
810 126 0 0.001
810 126 0 0.001
810 126 0 0.001
810 126 0 0
810 126 0 0.001
810 126 0 0.001
811 126 0 0.001
811 126 0 0.001
811 126 0 0.001
811 126 0 0.001
811 126 0 0.001
812 126 0 0.001
812 126 0 0.001
812 126 0 0.001
812 126 0 0.001
812 126 0 0.001
813 126 0 0.001
813 126 0 0.001
813 126 0 0.001
813 126 0 0
813 126 0 0.001
813 126 0 0.001
814 126 0 0.001
814 126 0 0
814 126 0 0.002
814 126 0 0.001
814 126 0 0.001
815 126 0 0.001
815 126 0 0
815 126 0 0.002
815 126 0 0
815 126 0 0.002
816 126 0 0.001
816 126 0 0.001
816 126 0 0.001
816 126 0 0.001
816 126 0 0.001
817 126 0 0.001
817 126 0 0
817 126 0 0.001
817 126 0 0.001
817 126 0 0.001
817 126 0 0
817 126 0 0.001
818 126 0 0.002
818 126 0 0
818 126 0 0.001
818 126 0 0.001
819 126 0 0.002
819 126 0 0.001
819 126 0 0.001
819 126 0 0.001
819 126 0 0.001
819 126 0 0
820 126 0 0.002
820 126 0 0.001
820 126 0 0
820 126 0 0.001
820 126 0 0.001
821 126 0 0.001
821 126 0 0.001
821 126 0 0
821 126 0 0.001
821 126 0 0.001
822 126 0 0.002
822 126 0 0.001
822 126 0 0.001
822 126 0 0.001
822 126 0 0.001
823 126 0 0.001
823 126 0 0.001
823 126 0 0
823 126 0 0.001
823 126 0 0.001
823 126 0 0.001
824 126 0 0.001
824 126 0 0.001
824 126 0 0.001
824 126 0 0
824 126 0 0.001
824 126 0 0.001
825 126 0 0.001
825 126 0 0.001
825 126 0 0.001
825 126 0 0.001
825 126 0 0.001
826 126 0 0.001
826 126 0 0.001
826 126 0 0.001
826 126 0 0.001
826 126 0 0.001
827 126 0 0.001
827 126 0 0.001
827 126 0 0
827 126 0 0.001
827 126 0 0.001
827 126 0 0.001
828 126 0 0.001
828 126 0 0.001
828 126 0 0.001
828 126 0 0.001
828 126 0 0.001
829 126 0 0.001
829 126 0 0.001
829 126 0 0
829 126 0 0.001
829 126 0 0.001
829 126 0 0.001
830 126 0 0.001
830 126 0 0
830 126 0 0.001
830 126 0 0.001
830 126 0 0.001
830 126 0 0.001
831 126 0 0.001
831 126 0 0.001
831 126 0 0.001
831 126 0 0.001
831 126 0 0.001
832 126 0 0.001
832 126 0 0.001
832 126 0 0.001
832 126 0 0.001
832 126 0 0.001
833 126 0 0.002
833 126 0 0.001
833 126 0 0.001
833 126 0 0.001
834 126 0 0.001
834 126 0 0
834 126 0 0.001
834 126 0 0.001
834 126 0 0.002
835 126 0 0.001
835 126 0 0.001
835 126 0 0.001
835 126 0 0.001
835 126 0 0.001
836 126 0 0.001
836 126 0 0
836 126 0 0.001
836 126 0 0.002
836 126 0 0.001
837 126 0 0.001
837 126 0 0.001
837 126 0 0.001
837 126 0 0
837 126 0 0.001
837 126 0 0.001
838 126 0 0.001
838 126 0 0.001
838 126 0 0.001
838 126 0 0.002
839 126 0 0.001
839 126 0 0.001
839 126 0 0.001
839 126 0 0.001
839 126 0 0.001
839 126 0 0
840 126 0 0.001
840 126 0 0.001
840 126 0 0.001
840 126 0 0.001
840 126 0 0.001
841 126 0 0.001
841 126 0 0.001
841 126 0 0.001
841 126 0 0.001
841 126 0 0.001
842 126 0 0.001
842 126 0 0.001
842 126 0 0.001
842 126 0 0.001
842 126 0 0
842 126 0 0.001
843 126 0 0.002
843 126 0 0.001
843 126 0 0
843 126 0 0.001
843 126 0 0.001
844 126 0 0.001
844 126 0 0.001
844 126 0 0.001
844 126 0 0.001
844 126 0 0.001
845 126 0 0.001
845 126 0 0.001
845 126 0 0.001
845 126 0 0.001
845 126 0 0.001
846 126 0 0.001
846 126 0 0
846 126 0 0.001
846 126 0 0.001
846 126 0 0.001
846 126 0 0.001
846 126 0 0
847 126 0 0.001
847 126 0 0.001
847 126 0 0.002
847 126 0 0.001
848 126 0 0.001
848 126 0 0.001
848 126 0 0
848 126 0 0.001
848 126 0 0.001
849 126 0 0.002
849 126 0 0.001
849 126 0 0.001
849 126 0 0
849 126 0 0.001
850 126 0 0.002
850 126 0 0
850 126 0 0.001
850 126 0 0.002
850 126 0 0.001
851 126 0 0.001
851 126 0 0.001
851 126 0 0.001
851 125 0 0.001
851 125 0 0.001
852 125 0 0.001
852 125 0 0.001
852 125 0 0.001
852 124 0 0.001
852 124 0 0.001
853 124 0 0.001
853 124 0 0.001
853 124 0 0.001
853 123 0 0.001
853 123 0 0.001
854 123 0 0.001
854 123 0 0.001
854 123 0 0.001
854 122 0 0.001
854 122 0 0.001
855 122 0 0.001
855 122 0 0.001
855 122 0 0.001
855 121 0 0.001
855 121 0 0.001
856 121 0 0.002
856 121 0 0.001
856 120 0 0.001
856 120 0 0.001
857 120 0 0.001
857 120 0 0.001
857 120 0 0.001
857 119 0 0.001
857 119 0 0.001
858 119 0 0.002
858 119 0 0.001
858 118 0 0.001
859 118 0 0.002
859 118 0 0.001
859 118 0 0.001
859 117 0 0.001
859 117 0 0.001
860 117 0 0.001
860 117 0 0.001
860 116 0 0.002
861 116 0 0.002
861 116 0 0.001
861 116 0 0
861 116 0 0.001
861 115 0 0.002
862 115 0 0.001
862 115 0 0.001
862 115 0 0.001
862 114 0 0.001
863 114 0 0.002
863 114 0 0.002
863 113 0 0.001
863 113 0 0.001
864 113 0 0.001
864 113 0 0.001
864 112 0 0.002
864 112 0 0.001
865 112 0 0.002
865 112 0 0.001
865 111 0 0.002
866 111 0 0.001
866 111 0 0.001
866 110 0 0.002
866 110 0 0.001
867 110 0 0.001
867 110 0 0.001
867 110 0 0.001
867 109 0 0.001
867 109 0 0.001
868 109 0 0.001
868 109 0 0.001
868 109 0 0.001
868 108 0 0.002
869 108 0 0.001
869 108 0 0.002
869 107 0 0.001
869 107 0 0.001
870 107 0 0.001
870 107 0 0.001
870 106 0 0.002
870 106 0 0
870 106 0 0.001
871 106 0 0.001
871 106 0 0.001
871 106 0 0
871 106 0 0.001
871 105 0 0.001
871 105 0 0
871 105 0 0.001
872 105 0 0.002
872 105 0 0.001
872 104 0 0.001
872 104 0 0.001
873 104 0 0.001
873 104 0 0.001
873 104 0 0.001
873 103 0 0.001
873 103 0 0
873 103 0 0.001
874 103 0 0.002
874 103 0 0.001
874 102 0 0.001
874 102 0 0.001
874 102 0 0
875 102 0 0.001
875 102 0 0.001
875 102 0 0.001
875 101 0 0.001
875 101 0 0.001
876 101 0 0.002
876 101 0 0.001
876 100 0 0.001
876 100 0 0
876 100 0 0.001
877 100 0 0.001
877 100 0 0.001
877 100 0 0
877 100 0 0.001
877 99 0 0.001
877 99 0 0.001
878 99 0 0.001
878 99 0 0.001
878 99 0 0
878 99 0 0.001
878 98 0 0.001
878 98 0 0.001
879 98 0 0.001
879 98 0 0.001
879 98 0 0.001
879 97 0 0.001
880 97 0 0.002
880 97 0 0
880 97 0 0.001
880 97 0 0.001
880 97 0 0
880 96 0 0.001
880 96 0 0.001
880 96 0 0
881 96 0 0.001
881 96 0 0.001
881 96 0 0.001
881 95 0 0.002
882 95 0 0.001
882 95 0 0.001
882 94 0 0.002
882 94 0 0.001
883 94 0 0.001
883 94 0 0.001
883 94 0 0.001
883 93 0 0.002
883 93 0 0
884 93 0 0.001
884 93 0 0.001
884 93 0 0
884 93 0 0.001
884 92 0 0.001
884 92 0 0.001
885 92 0 0.002
885 92 0 0.001
885 92 0 0.001
885 92 0 0.001
886 92 0 0.001
886 92 0 0.001
886 92 0 0
886 92 0 0.001
886 92 0 0.001
886 92 0 0.001
887 92 0 0.001
887 92 0 0
887 92 0 0.001
887 92 0 0.001
887 92 0 0
887 92 0 0.001
888 92 0 0.002
888 92 0 0.001
888 92 0 0.002
888 92 0 0.001
889 92 0 0.001
889 92 0 0.001
889 92 0 0.001
889 92 0 0.001
889 92 0 0.001
890 92 0 0.001
890 92 0 0.001
890 92 0 0.001
890 92 0 0
890 92 0 0.001
890 92 0 0.001
891 92 0 0.001
891 92 0 0
891 92 0 0.001
891 92 0 0.002
892 92 0 0.003
892 92 0 0.001
893 92 0 0.003
893 92 0 0.001
893 92 0 0.001
893 92 0 0.001
894 92 0 0.002
894 92 0 0.001
894 92 0 0.001
894 92 0 0.001
894 92 0 0.001
895 92 0 0.001
895 92 0 0
895 92 0 0.001
895 92 0 0.001
895 92 0 0.001
895 92 0 0
895 92 0 0.001
896 92 0 0.001
896 92 0 0.001
896 92 0 0.002
896 92 0 0
896 92 0 0.001
897 92 0 0.002
897 92 0 0
897 92 0 0.001
897 92 0 0.001
898 92 0 0.002
898 92 0 0
898 92 0 0.001
898 92 0 0.001
898 92 0 0.001
899 92 0 0.002
899 92 0 0.001
899 92 0 0.001
899 92 0 0
899 92 0 0.001
899 92 0 0.001
900 92 0 0.001
900 92 0 0.001
900 92 0 0.001
900 92 0 0.001
900 92 0 0.001
901 92 0 0.001
901 92 0 0.001
901 92 0 0.001
901 92 0 0
901 92 0 0.001
901 92 0 0.001
902 92 0 0.001
902 92 0 0.002
902 92 0 0.001
902 92 0 0
902 92 0 0.001
903 92 0 0.002
903 92 0 0.001
903 92 0 0.001
903 92 0 0.001
904 92 0 0.001
904 92 0 0.001
904 92 0 0.001
904 92 0 0.001
904 92 0 0
904 92 0 0.001
905 92 0 0.001
905 92 0 0.001
905 92 0 0.001
905 92 0 0.001
905 92 0 0
905 92 0 0.001
906 92 0 0.001
906 92 0 0.001
906 92 0 0.001
906 92 0 0.001
906 92 0 0.001
907 92 0 0.001
907 92 0 0.001
907 92 0 0.001
907 92 0 0.001
907 92 0 0.001
907 92 0 0
908 92 0 0.001
908 92 0 0.001
908 92 0 0.001
908 92 0 0.001
908 92 0 0.001
909 92 0 0.001
909 92 0 0.001
909 92 0 0.001
909 92 0 0.001
909 92 0 0.001
909 92 0 0
910 92 0 0.001
910 92 0 0.001
910 92 0 0
910 92 0 0.001
910 92 0 0.001
910 92 0 0.001
911 92 0 0.001
911 92 0 0.001
911 92 0 0.001
911 92 0 0.001
911 92 0 0
911 92 0 0.001
912 92 0 0.001
912 92 0 0.001
912 92 0 0.001
912 92 0 0.001
913 92 0 0.002
913 92 0 0.001
913 92 0 0
913 92 0 0.001
913 92 0 0.001
913 92 0 0.001
913 92 0 0
914 92 0 0.001
914 92 0 0
914 92 0 0.001
914 92 0 0.001
914 92 0 0.001
914 92 0 0.001
915 92 0 0.001
915 92 0 0.001
915 92 0 0.001
915 92 0 0.001
915 92 0 0.001
916 92 0 0.001
916 92 0 0.001
916 92 0 0.002
916 92 0 0
916 92 0 0.001
917 92 0 0.001
917 92 0 0.001
917 92 0 0
917 92 0 0.001
917 92 0 0.001
917 92 0 0.001
917 92 0 0
918 92 0 0.001
918 92 0 0.002
918 92 0 0.001
918 92 0 0.001
919 92 0 0.001
919 92 0 0.001
919 92 0 0.001
919 92 0 0.001
919 92 0 0.001
920 92 0 0.001
920 92 0 0.001
920 92 0 0.002
920 92 0 0.001
921 92 0 0.001
921 92 0 0
921 92 0 0.001
921 92 0 0.001
921 92 0 0.001
921 92 0 0
921 92 0 0.001
922 92 0 0.002
922 92 0 0.002
922 92 0 0.001
923 92 0 0.001
923 92 0 0
923 92 0 0.001
923 92 0 0.001
923 92 0 0.001
923 92 0 0
923 92 0 0.001
924 92 0 0.001
924 92 0 0.002
924 92 0 0
924 92 0 0.001
924 92 0 0.001
925 92 0 0.001
925 92 0 0.001
925 92 0 0.001
925 92 0 0.001
925 92 0 0.001
926 92 0 0.001
926 92 0 0
926 92 0 0.001
926 92 0 0.001
926 92 0 0.001
926 92 0 0.001
927 92 0 0.001
927 92 0 0.001
927 92 0 0.001
927 92 0 0
927 92 0 0.001
927 92 0 0.001
928 92 0 0.001
928 92 0 0
928 92 0 0.002
928 92 0 0.001
928 92 0 0.001
929 92 0 0.001
929 92 0 0.001
929 92 0 0.001
929 92 0 0.001
929 92 0 0.001
930 92 0 0.001
930 92 0 0.001
930 92 0 0.001
930 92 0 0.001
930 92 0 0
930 92 0 0.001
931 92 0 0.001
931 92 0 0.001
931 92 0 0
931 92 0 0.001
931 92 0 0.002
932 93 0 0.002
932 93 0 0.002
932 93 0 0.001
933 94 0 0.001
933 94 0 0.001
933 94 0 0.001
933 94 0 0.001
933 94 0 0.001
934 95 0 0.002
934 95 0 0.001
934 95 0 0.001
934 95 0 0.001
935 96 0 0.001
935 96 0 0.001
935 96 0 0.001
935 96 0 0.002
936 97 0 0.001
936 97 0 0.001
936 97 0 0.003
937 98 0 0.001
937 98 0 0.001
937 98 0 0.001
937 98 0 0.002
938 99 0 0.001
938 99 0 0.002
938 99 0 0.002
939 100 0 0.002
939 100 0 0.001
939 100 0 0.002
940 101 0 0.001
940 101 0 0.001
940 101 0 0.001
940 101 0 0.001
941 102 0 0.002
941 102 0 0.001
941 102 0 0.001
941 102 0 0.001
941 102 0 0.001
942 103 0 0.002
942 103 0 0.002
942 103 0 0.001
943 104 0 0.001
943 104 0 0
943 104 0 0.001
943 104 0 0.001
943 104 0 0.001
943 104 0 0.001
944 105 0 0.001
944 105 0 0.002
944 105 0 0.001
944 105 0 0
944 105 0 0.001
945 106 0 0.001
945 106 0 0.001
945 106 0 0.001
945 106 0 0.001
946 107 0 0.002
946 107 0 0.001
946 107 0 0.001
946 107 0 0.001
946 107 0 0.001
947 108 0 0.001
947 108 0 0
947 108 0 0.001
947 108 0 0.001
947 108 0 0.001
947 108 0 0.001
947 108 0 0
948 109 0 0.001
948 109 0 0.001
948 109 0 0.002
948 109 0 0.001
949 110 0 0.001
949 110 0 0.001
949 110 0 0.001
949 110 0 0.001
949 110 0 0.001
949 111 0 0.001
949 111 0 0
949 111 0 0.001
949 111 0 0.001
949 111 0 0.001
949 111 0 0.001
949 112 0 0.002
949 112 0 0.001
949 112 0 0.002
949 113 0 0.001
949 113 0 0.002
949 113 0 0.002
949 114 0 0.001
949 114 0 0.002
949 114 0 0.001
949 115 0 0.002
949 115 0 0.001
949 115 0 0.001
949 115 0 0.001
949 116 0 0.002
949 116 0 0.002
949 116 0 0.001
949 117 0 0.002
949 117 0 0.001
949 117 0 0
949 117 0 0.002
949 117 0 0.001
949 118 0 0.001
949 118 0 0.002
949 118 0 0.002
949 119 0 0.001
949 119 0 0.002
949 119 0 0.001
949 119 0 0.001
949 120 0 0.001
949 120 0 0.002
949 120 0 0
949 120 0 0.002
949 121 0 0.001
949 121 0 0.002
949 121 0 0.001
949 122 0 0.002
949 122 0 0
949 122 0 0.001
949 122 0 0.002
949 122 0 0
949 123 0 0.002
949 123 0 0.001
949 123 0 0.001
949 123 0 0.001
949 123 0 0.001
949 124 0 0.002
949 124 0 0.001
949 124 0 0.001
949 124 0 0.001
949 125 0 0.001
949 125 0 0.001
949 125 0 0.002
949 126 0 0.002
949 126 0 0.001
949 126 0 0.001
949 126 0 0.001
949 127 0 0.002
949 127 0 0.001
949 127 0 0.002
949 128 0 0.002
949 128 0 0.001
949 128 0 0.001
949 128 0 0.001
949 128 0 0.001
949 129 0 0.001
949 129 0 0.001
949 129 0 0.001
949 129 0 0.001
949 129 0 0.001
949 130 0 0.001
949 130 0 0.001
949 130 0 0.002
949 130 0 0.001
949 131 0 0.001
949 131 0 0.001
949 131 0 0.001
949 131 0 0.001
949 132 0 0.002
949 132 0 0.001
949 132 0 0.002
949 132 0 0.001
949 133 0 0.001
949 133 0 0.002
949 133 0 0.001
949 133 0 0.001
949 134 0 0.001
949 134 0 0.001
949 134 0 0.002
949 134 0 0.001
949 135 0 0.001
949 135 0 0.002
949 135 0 0.001
949 135 0 0.001
949 136 0 0.001
949 136 0 0.001
949 136 0 0.003
949 137 0 0.001
949 137 0 0.002
949 137 0 0.001
949 137 0 0.001
949 138 0 0.001
949 138 0 0.001
949 138 0 0.002
949 138 0 0.001
949 139 0 0.001
949 139 0 0.001
949 139 0 0.001
949 139 0 0.001
949 140 0 0.002
949 140 0 0.001
949 140 0 0.002
949 141 0 0.002
949 141 0 0.001
949 141 0 0.001
949 141 0 0.001
949 141 0 0.001
949 142 0 0.001
949 142 0 0.001
949 142 0 0.002
949 142 0 0.001
949 143 0 0.001
949 143 0 0.001
949 143 0 0.002
949 144 0 0.002
949 144 0 0.001
949 144 0 0.001
949 144 0 0.001
949 145 0 0.002
949 145 0 0.001
949 145 0 0.001
949 145 0 0.001
949 145 0 0.001
949 146 0 0.001
949 146 0 0.002
949 146 0 0.002
949 147 0 0.001
949 147 0 0.001
949 147 0 0.001
949 147 0 0.001
949 147 0 0.001
949 148 0 0.001
949 148 0 0.001
949 148 0 0.001
949 148 0 0.001
949 148 0 0.001
949 149 0 0.001
949 149 0 0.001
949 149 0 0.001
949 149 0 0.001
949 149 0 0.001
949 150 0 0.001
949 150 0 0.001
949 150 0 0.001
949 150 0 0.001
949 150 0 0.001
949 151 0 0.001
949 151 0 0.001
949 151 0 0.001
949 151 0 0.001
949 151 0 0
949 151 0 0.001
949 152 0 0.001
949 152 0 0.001
949 152 0 0.001
949 152 0 0.001
949 152 0 0.001
949 153 0 0.001
949 153 0 0.001
949 153 0 0.001
949 153 0 0.001
949 153 0 0
949 153 0 0.001
949 154 0 0.001
949 154 0 0
949 154 0 0.001
949 154 0 0.001
949 154 0 0.001
949 154 0 0
949 154 0 0.001
949 155 0 0.001
949 155 0 0.001
949 155 0 0.001
949 155 0 0.001
949 155 0 0.001
949 156 0 0.002
949 156 0 0
949 156 0 0.001
949 156 0 0.001
949 156 0 0.001
949 156 0 0
949 157 0 0.002
948 157 0 0.002
948 157 0 0.001
948 158 0 0.001
948 158 0 0.001
948 158 0 0.001
948 158 0 0
947 158 0 0.001
947 158 0 0.001
947 159 0 0.001
947 159 0 0
947 159 0 0.001
946 159 0 0.002
946 160 0 0.002
946 160 0 0.001
946 160 0 0.001
946 160 0 0
945 160 0 0.001
945 160 0 0.001
945 161 0 0.001
945 161 0 0
945 161 0 0.001
945 161 0 0.001
944 161 0 0.001
944 161 0 0.001
944 162 0 0.001
944 162 0 0.001
944 162 0 0.001
943 162 0 0.001
943 162 0 0
943 162 0 0.001
943 163 0 0.001
943 163 0 0.001
942 163 0 0.002
942 163 0 0.001
942 163 0 0
942 164 0 0.001
942 164 0 0.001
942 164 0 0.001
941 164 0 0.001
941 164 0 0
941 164 0 0.001
941 165 0 0.001
941 165 0 0
941 165 0 0.001
941 165 0 0.001
940 165 0 0.002
940 165 0 0
940 166 0 0.001
940 166 0 0.001
940 166 0 0.001
939 166 0 0.001
939 166 0 0.001
939 167 0 0.001
939 167 0 0.001
939 167 0 0.001
938 168 0 0.003
938 168 0 0.001
938 168 0 0.001
937 168 0 0.001
937 168 0 0.001
937 169 0 0.001
937 169 0 0.001
937 169 0 0.001
936 169 0 0.002
936 170 0 0.001
936 170 0 0.001
936 170 0 0.001
935 170 0 0.001
935 170 0 0.001
935 171 0 0.001
935 171 0 0.001
935 171 0 0.001
935 171 0 0
934 171 0 0.001
934 171 0 0.001
934 172 0 0.001
934 172 0 0.001
934 172 0 0.001
934 172 0 0
933 172 0 0.001
933 172 0 0.001
933 173 0 0.001
933 173 0 0.001
933 173 0 0.001
932 173 0 0.001
932 173 0 0.001
932 174 0 0.001
932 174 0 0.001
932 174 0 0.001
932 174 0 0
931 174 0 0.001
931 174 0 0.001
931 175 0 0.001
931 175 0 0
931 175 0 0.001
931 175 0 0.001
930 175 0 0.002
930 176 0 0.001
930 176 0 0
930 176 0 0.001
930 176 0 0.001
929 176 0 0.001
929 176 0 0.001
929 177 0 0.001
929 177 0 0.001
929 177 0 0.001
929 177 0 0
928 177 0 0.001
928 178 0 0.002
928 178 0 0.001
928 178 0 0
928 178 0 0.001
927 178 0 0.001
927 178 0 0.001
927 179 0 0.001
927 179 0 0
927 179 0 0.001
927 179 0 0.001
926 179 0 0.001
926 179 0 0.001
926 180 0 0.001
926 180 0 0.001
926 180 0 0.001
925 180 0 0.001
925 180 0 0.001
925 181 0 0.001
925 181 0 0.001
925 181 0 0
925 181 0 0.001
924 181 0 0.001
924 182 0 0.002
924 182 0 0
924 182 0 0.001
924 182 0 0.001
923 182 0 0.001
923 182 0 0
923 182 0 0.001
923 183 0 0.001
923 183 0 0.001
923 183 0 0.001
922 183 0 0.001
922 183 0 0.001
922 184 0 0.002
922 184 0 0
922 184 0 0.001
921 184 0 0.001
921 184 0 0.001
921 184 0 0
921 185 0 0.001
921 185 0 0.001
921 185 0 0
921 185 0 0.001
920 185 0 0.001
920 185 0 0.001
920 186 0 0.001
920 186 0 0.001
920 186 0 0.001
919 186 0 0.001
919 186 0 0.001
919 187 0 0.001
919 187 0 0.001
919 187 0 0
919 187 0 0.001
918 187 0 0.001
918 187 0 0.001
918 188 0 0.001
918 188 0 0.001
918 188 0 0.001
918 188 0 0
917 188 0 0.001
917 188 0 0.001
917 189 0 0.001
917 189 0 0.001
917 189 0 0
917 189 0 0.001
916 189 0 0.001
916 190 0 0.002
916 190 0 0.001
916 190 0 0.001
916 190 0 0
915 190 0 0.001
915 190 0 0.001
915 191 0 0.001
915 191 0 0
915 191 0 0.001
915 191 0 0.001
914 191 0 0.001
914 191 0 0
914 192 0 0.002
914 192 0 0.001
914 192 0 0.001
914 192 0 0
913 192 0 0.001
913 192 0 0.001
913 193 0 0.001
913 193 0 0.001
913 193 0 0.001
913 193 0 0
912 193 0 0.001
912 193 0 0.001
912 194 0 0.001
912 194 0 0.001
912 194 0 0.001
911 194 0 0.001
911 194 0 0
911 194 0 0.001
911 195 0 0.001
911 195 0 0.001
911 195 0 0
911 195 0 0.001
910 195 0 0.001
910 195 0 0.001
910 196 0 0.002
910 196 0 0.001
910 196 0 0
909 196 0 0.001
909 196 0 0.001
909 197 0 0.001
909 197 0 0.001
909 197 0 0.001
909 197 0 0
908 197 0 0.001
908 197 0 0.001
908 198 0 0.002
908 198 0 0
908 198 0 0.001
907 198 0 0.001
907 198 0 0.001
907 199 0 0.001
907 199 0 0
907 199 0 0.001
907 199 0 0.001
906 199 0 0.001
906 199 0 0.001
906 200 0 0.002
906 200 0 0.001
905 200 0 0.001
905 200 0 0.001
905 200 0 0
905 201 0 0.001
905 201 0 0.001
905 201 0 0.001
905 201 0 0
904 201 0 0.001
904 201 0 0.001
904 202 0 0.002
904 202 0 0.001
904 202 0 0
903 202 0 0.001
903 202 0 0.001
903 203 0 0.001
903 203 0 0.001
903 203 0 0.001
902 203 0 0.001
902 203 0 0.001
902 204 0 0.001
902 204 0 0.001
902 204 0 0.001
901 204 0 0.001
901 204 0 0.001
901 204 0 0
901 205 0 0.001
901 205 0 0.001
901 205 0 0.001
900 205 0 0.001
900 206 0 0.002
900 206 0 0.001
900 206 0 0.001
899 206 0 0.001
899 206 0 0.001
899 207 0 0.001
899 207 0 0
899 207 0 0.001
899 207 0 0.001
898 207 0 0.001
898 207 0 0.001
898 208 0 0.001
898 208 0 0.001
898 208 0 0.001
897 208 0 0.001
897 208 0 0
897 208 0 0.001
897 209 0 0.001
897 209 1 0
897 209 1 0.001
896 209 1 0.001
896 210 1 0.002
896 210 1 0.001
895 210 1 0.001
895 211 1 0.001
895 211 1 0.001
895 211 1 0
894 211 1 0.001
894 212 1 0.001
894 212 1 0
894 212 1 0.001
893 212 1 0.001
893 213 1 0.001
893 213 1 0.001
893 213 1 0.001
892 213 1 0.001
892 213 1 0
892 214 1 0.001
892 214 1 0.001
892 214 1 0
891 214 1 0.001
891 215 1 0.001
891 215 1 0.001
890 215 1 0.001
890 216 1 0.001
890 216 1 0.002
889 216 1 0.001
889 216 1 0
889 217 1 0.001
889 217 1 0.001
888 218 1 0.002
888 218 1 0.001
887 218 1 0.001
887 219 1 0.001
887 219 1 0.002
886 219 1 0.001
886 219 1 0
886 220 1 0.001
886 220 1 0.001
885 220 1 0.001
885 221 1 0.001
885 221 1 0.001
884 221 1 0.001
884 222 1 0.001
884 222 1 0.001
884 222 1 0.001
883 222 1 0.001
883 223 1 0.001
883 223 1 0.001
882 223 1 0.001
882 223 1 0.001
882 223 1 0.001
881 223 1 0.001
881 223 1 0.001
881 223 1 0.001
880 223 1 0.002
880 223 1 0.001
880 223 1 0.001
879 223 1 0.001
879 223 1 0.001
879 223 1 0.001
878 223 1 0.001
878 223 1 0.001
878 223 1 0
878 223 1 0.002
877 223 1 0.001
877 223 1 0.001
877 223 1 0.001
876 223 1 0.001
876 223 1 0.001
876 223 1 0.001
875 223 1 0.001
875 223 1 0.001
875 223 1 0.001
875 223 1 0.001
874 223 1 0.001
874 223 1 0.001
874 223 1 0.001
873 223 1 0.001
873 223 1 0.001
873 223 1 0.001
873 223 1 0
872 223 1 0.001
872 223 1 0.001
872 223 1 0
872 223 1 0.001
871 223 1 0.002
871 223 1 0.001
871 223 1 0.001
870 223 1 0.001
870 223 1 0.001
870 223 1 0.001
870 223 1 0
869 223 1 0.001
869 223 1 0.001
869 223 1 0.001
868 223 1 0.002
868 223 1 0
868 223 1 0.001
868 223 1 0.001
868 223 1 0
867 223 1 0.001
867 223 1 0.001
867 223 1 0.001
866 223 1 0.001
866 223 1 0
866 223 1 0.001
866 223 1 0.001
865 223 1 0.002
865 223 1 0.002
864 223 1 0.001
864 223 1 0.001
864 223 1 0.001
863 223 1 0.001
863 223 1 0.001
863 223 1 0.001
863 223 1 0.001
862 223 1 0.001
862 223 1 0.002
861 223 1 0.001
861 223 1 0.001
860 223 1 0.002
860 223 1 0.001
860 223 1 0.001
860 223 1 0.001
859 223 1 0.001
859 223 1 0.001
859 223 1 0.001
858 223 1 0.002
858 223 1 0.001
857 223 1 0.001
857 223 1 0.001
857 223 1 0.001
857 223 1 0.001
856 223 1 0.001
856 223 1 0.002
855 223 1 0.002
855 223 1 0.001
854 223 1 0.001
854 223 1 0.001
854 223 1 0.001
853 223 1 0.002
853 223 1 0.001
853 223 1 0.001
852 223 1 0.002
852 223 1 0.001
851 223 1 0.001
851 223 1 0.001
851 223 1 0.001
850 223 1 0.002
850 223 1 0.001
850 223 1 0.001
849 223 1 0.001
849 223 1 0.001
848 223 1 0.002
848 223 1 0.001
848 223 1 0.001
848 223 1 0.001
847 223 1 0.001
847 223 1 0.001
847 223 1 0.001
846 223 1 0.001
846 223 1 0.001
846 223 1 0.001
845 223 1 0.001
845 223 1 0.001
845 223 1 0.001
845 223 1 0
845 223 1 0.001
844 223 1 0.001
844 223 1 0
844 223 1 0.001
844 223 1 0.001
843 223 1 0.001
843 223 1 0.001
843 223 1 0
842 223 1 0.002
842 223 1 0.001
842 223 1 0.001
842 223 1 0.001
841 223 1 0.001
841 223 1 0.001
841 223 1 0.001
840 223 1 0.001
840 223 1 0.001
839 223 1 0.002
839 223 1 0
839 223 1 0.001
839 223 1 0.001
839 223 1 0.001
838 223 1 0.001
838 223 1 0
838 223 1 0.001
838 223 1 0.001
837 223 1 0.001
837 223 1 0.001
837 223 1 0.001
836 223 1 0.001
836 223 1 0.001
836 223 1 0.001
836 223 1 0.001
835 223 1 0.001
835 223 1 0
835 223 1 0.001
835 223 1 0.001
834 223 1 0.001
834 223 1 0.002
833 223 1 0.001
833 223 1 0
833 223 1 0.001
833 223 1 0.001
833 223 1 0.001
832 223 1 0.001
832 223 1 0.001
832 223 1 0.001
831 223 1 0.001
831 223 1 0.001
830 223 1 0.002
830 223 1 0
830 223 1 0.001
830 223 1 0.001
830 223 1 0.001
829 223 1 0.001
829 223 1 0.001
829 223 1 0
829 223 1 0.001
828 223 1 0.001
828 223 1 0.001
828 223 1 0.001
827 223 1 0.001
827 223 1 0.001
827 223 1 0.001
826 223 1 0.002
826 223 1 0.001
825 223 1 0.002
825 223 1 0.001
825 223 1 0.001
824 223 1 0.002
824 223 1 0.001
824 223 1 0.001
823 223 1 0.001
823 223 1 0.001
823 223 1 0.001
822 223 1 0.001
822 223 1 0
822 223 1 0.001
822 223 1 0.001
821 223 1 0.001
821 223 1 0.001
821 223 1 0.001
821 223 1 0.001
820 223 1 0.001
820 223 1 0.001
820 223 1 0.001
819 223 1 0.001
819 223 1 0.001
819 223 1 0
819 223 1 0.001
818 223 1 0.001
818 223 1 0.001
818 223 1 0.001
818 223 1 0.001
818 223 1 0
817 223 1 0.001
817 223 1 0.001
817 223 1 0.001
817 223 1 0
816 223 1 0.001
816 223 1 0.001
816 223 1 0.001
815 223 1 0.002
815 223 1 0.001
815 223 1 0.001
814 223 1 0.001
814 223 1 0.001
814 223 1 0.001
813 223 1 0.002
813 223 1 0.001
812 223 1 0.001
812 223 1 0.002
812 223 1 0.001
811 223 1 0.001
811 223 1 0.002
810 223 1 0.001
810 223 1 0.001
810 223 1 0.001
809 223 1 0.001
809 223 1 0.001
809 223 1 0.001
809 223 1 0.001
808 223 1 0.001
808 223 1 0.001
808 223 1 0.001
808 223 1 0
807 223 1 0.001
807 222 1 0.002
806 222 1 0.001
806 222 1 0.001
806 221 1 0.001
806 221 1 0.001
805 221 1 0.001
805 220 1 0.001
805 220 0 0.001
805 220 0 0.001
804 220 0 0.001
804 220 0 0.001
804 220 0 0
804 219 0 0.001
804 219 0 0.002
803 219 0 0.001
803 219 0 0
803 219 0 0.001
803 218 0 0.001
803 218 0 0.001
803 218 0 0.001
802 218 0 0.001
802 218 0 0
802 218 0 0.001
802 217 0 0.001
802 217 0 0.001
801 217 0 0.002
801 217 0 0.001
801 216 0 0.001
801 216 0 0.001
801 216 0 0
801 216 0 0.001
800 216 0 0.001
800 216 0 0.001
800 215 0 0.001
800 215 0 0.001
800 215 0 0.001
799 215 0 0.001
799 215 0 0.001
799 214 0 0.001
799 214 0 0.001
799 214 0 0.001
798 214 0 0.001
798 214 0 0
798 214 0 0.001
798 213 0 0.001
798 213 0 0.002
797 213 0 0.001
797 213 0 0.001
797 213 0 0
797 212 0 0.001
797 212 0 0.001
797 212 0 0.001
797 212 0 0
796 212 0 0.001
796 212 0 0.001
796 211 0 0.001
796 211 0 0.002
795 211 0 0.001
795 211 0 0.001
795 210 0 0.001
795 210 0 0.001
795 210 0 0
795 210 0 0.001
794 210 0 0.001
794 210 0 0.001
794 209 0 0.001
794 209 0 0.001
794 209 0 0.001
793 209 0 0.001
793 209 0 0.001
793 208 0 0.001
793 208 0 0
793 208 0 0.001
793 208 0 0.001
792 208 0 0.001
792 208 0 0.001
792 207 0 0.002
792 207 0 0.001
791 207 0 0.001
791 207 0 0.001
791 206 0 0.001
791 206 0 0
791 206 0 0.001
791 206 0 0.001
790 206 0 0.001
790 206 0 0.001
790 205 0 0.001
790 205 0 0.001
790 205 0 0.001
789 205 0 0.001
789 205 0 0.001
789 204 0 0.001
789 204 0 0.001
789 204 0 0.001
788 204 0 0.001
788 204 0 0.001
788 203 0 0.001
788 203 0 0.001
788 203 0 0
787 203 0 0.002
787 203 0 0.001
787 203 0 0
787 202 0 0.001
787 202 0 0.001
787 202 0 0.001
787 202 0 0
786 202 0 0.001
786 202 0 0.001
786 201 0 0.001
786 201 0 0.001
786 201 0 0.001
785 201 0 0.002
785 200 0 0.001
785 200 0 0.001
785 200 0 0
785 200 0 0.001
784 200 0 0.001
784 200 0 0.001
784 200 0 0
784 199 0 0.001
784 199 0 0.001
783 199 0 0.002
783 199 0 0.001
783 199 0 0
783 198 0 0.001
783 198 0 0.001
783 198 0 0.001
782 198 0 0.001
782 198 0 0.001
782 197 0 0.001
782 197 0 0.001
781 197 0 0.002
781 197 0 0.001
781 196 0 0.001
781 196 0 0.001
781 196 0 0
781 196 0 0.001
780 196 0 0.001
780 196 0 0.001
780 195 0 0.001
780 195 0 0
780 195 0 0.001
779 195 0 0.002
779 194 0 0.002
779 194 0 0
779 194 0 0.001
779 194 0 0.001
778 194 0 0.001
778 194 0 0.001
778 193 0 0.001
778 193 0 0.001
778 193 0 0.001
777 193 0 0.001
777 193 0 0.001
777 192 0 0.001
777 192 0 0
777 192 0 0.001
777 192 0 0.001
776 192 0 0.001
776 192 0 0.001
776 191 0 0.001
776 191 0 0
776 191 0 0.001
776 191 0 0.001
775 191 0 0.001
775 191 0 0.001
775 190 0 0.002
775 190 0 0
775 190 0 0.001
774 190 0 0.001
774 190 0 0.001
774 189 0 0.001
774 189 0 0
774 189 0 0.001
774 189 0 0.001
773 189 0 0.001
773 189 0 0.001
773 188 0 0.002
772 188 0 0.002
772 188 0 0.001
772 187 0 0.001
772 187 0 0.001
772 187 0 0.001
771 187 0 0.001
771 187 0 0.001
771 186 0 0.002
771 186 0 0.001
770 186 0 0.001
770 186 0 0
770 186 0 0.001
770 185 0 0.001
770 185 0 0.001
770 185 0 0.001
770 185 0 0
769 185 0 0.001
769 185 0 0.001
769 184 0 0.001
769 184 0 0.002
768 184 0 0.001
768 184 0 0
768 184 0 0.001
768 183 0 0.001
768 183 0 0.001
768 183 0 0.001
768 183 0 0
767 183 0 0.001
767 183 0 0.001
767 182 0 0.001
767 182 0 0.001
766 182 0 0.002
766 182 0 0.001
766 182 0 0
766 181 0 0.001
766 181 0 0.001
766 181 0 0.001
765 181 0 0.001
765 181 0 0.001
765 180 0 0.001
765 180 0 0
765 180 0 0.001
764 180 0 0.002
764 180 0 0.001
764 180 0 0
764 179 0 0.001
764 179 0 0.001
764 179 0 0.001
763 179 0 0.001
763 179 0 0.001
763 178 0 0.001
763 178 0 0
763 178 0 0.001
762 178 0 0.002
762 178 0 0.001
762 177 0 0.001
762 177 0 0.001
762 177 0 0.001
761 177 0 0.001
761 177 0 0.001
761 177 0 0
761 176 0 0.001
761 176 0 0.001
761 176 0 0.001
760 176 0 0.002
760 175 0 0.001
760 175 0 0
760 175 0 0.001
760 175 0 0.001
759 175 0 0.001
759 175 0 0
759 175 0 0.001
759 174 0 0.001
759 174 0 0.001
759 174 0 0.001
758 174 0 0.001
758 173 0 0.002
758 173 0 0
758 173 0 0.001
758 173 0 0.001
757 173 0 0.001
757 173 0 0.001
757 172 0 0.001
757 172 0 0
757 172 0 0.001
757 172 0 0.001
756 172 0 0.001
756 172 0 0.001
756 171 0 0.001
756 171 0 0.001
756 171 0 0.001
755 171 0 0.001
755 171 0 0.001
755 171 0 0
755 170 0 0.001
755 170 0 0.001
755 170 0 0.001
755 170 0 0
754 170 0 0.002
754 169 0 0.001
754 169 0 0.001
754 169 0 0.001
753 169 0 0.001
753 169 0 0.001
753 169 0 0
753 168 0 0.001
753 168 0 0.001
753 168 0 0.001
752 168 0 0.001
752 168 0 0.001
752 167 0 0.002
748 164 0 0.018
748 163 0 0.002
748 163 0 0.001
747 163 0 0.001
747 163 0 0.001
747 162 0 0.001
747 162 0 0.001
747 162 0 0.001
746 162 0 0.002
746 162 0 0
746 161 0 0.002
745 161 0 0.002
745 161 0 0.001
745 160 0 0.002
745 160 0 0.001
744 160 0 0.001
744 160 0 0.001
744 160 0 0
744 159 0 0.001
744 159 0 0.002
743 159 0 0.001
743 159 0 0.001
743 158 0 0.001
743 158 0 0.001
743 158 0 0.001
742 158 0 0.001
742 158 0 0.001
742 157 0 0.001
742 157 0 0.001
742 157 0 0.001
741 157 0 0.001
741 157 0 0.001
741 156 0 0.001
741 156 0 0.001
741 156 0 0.001
740 156 0 0.001
740 156 0 0.001
740 155 0 0.001
740 155 0 0.001
740 155 0 0.001
739 155 0 0.002
739 154 0 0.001
739 154 0 0.001
739 154 0 0.001
738 154 0 0.002
738 153 0 0.001
738 153 0 0.001
738 153 0 0.001
737 153 0 0.002
737 152 0 0.001
737 152 0 0.001
737 152 0 0.001
736 152 0 0.001
736 152 0 0.001
736 151 0 0.001
736 151 0 0.002
735 151 0 0.001
735 150 0 0.002
735 150 0 0.002
734 150 0 0.002
734 149 0 0.001
734 149 0 0.001
733 149 0 0.003
733 148 0 0.001
733 148 0 0.002
732 148 0 0.002
732 147 0 0.002
731 147 0 0.002
731 146 0 0.002
731 146 0 0.002
730 146 0 0.002
730 145 0 0.001
730 145 0 0.002
729 145 0 0.002
729 144 0 0.001
729 144 0 0.002
728 144 0 0.002
728 143 0 0.001
728 143 0 0.002
727 143 0 0.002
727 142 0 0.002
726 142 0 0.002
726 141 0 0.002
726 141 0 0.002
725 140 0 0.003
725 140 0 0.002
724 140 0 0.002
724 139 0 0.001
724 139 0 0.002
723 139 0 0.002
723 138 0 0.001
723 138 0 0.001
722 138 0 0.002
722 138 0 0.001
722 137 0 0.002
722 137 0 0.001
721 137 0 0.001
721 136 0 0.002
720 136 0 0.003
720 136 0 0.001
720 135 0 0.001
720 135 0 0.002
719 135 0 0.002
719 134 0 0.001
719 134 0 0.002
718 134 0 0.002
718 134 0 0
718 133 0 0.002
718 133 0 0.001
718 133 0 0
717 133 0 0.002
717 132 0 0.001
717 132 0 0.002
716 132 0 0.001
716 132 0 0.001
716 131 0 0.001
716 131 0 0.001
715 131 0 0.002
715 131 0 0.001
715 130 0 0.001
715 130 0 0.002
714 130 0 0.001
714 130 0 0.001
714 129 0 0.001
714 129 0 0.001
714 129 0 0.001
713 129 0 0.001
713 129 0 0.001
713 128 0 0.001
713 128 0 0.002
712 128 0 0.002
712 127 0 0.001
712 127 0 0.001
712 127 0 0.001
711 127 0 0.001
711 127 0 0.001
711 126 0 0.001
711 126 0 0.002
710 126 0 0.001
710 126 0 0.001
710 125 0 0.001
710 125 0 0.001
710 125 0 0.001
709 125 0 0.002
709 124 0 0.001
709 124 0 0.001
708 124 0 0.002
708 124 0 0.001
708 123 0 0.001
708 123 0 0.001
708 123 0 0.001
707 123 0 0.001
707 123 0 0.001
707 122 0 0.001
707 122 0 0.001
707 122 0 0.001
706 122 0 0.001
706 122 0 0.001
706 121 0 0.001
706 121 0 0.001
706 121 0 0.001
705 121 0 0.002
705 120 0 0.001
705 120 0 0.001
704 120 0 0.002
704 120 0 0.001
704 119 0 0.001
704 119 0 0.001
704 119 0 0
704 119 0 0.001
703 119 0 0.001
703 119 0 0.001
703 118 0 0.002
702 118 0 0.002
702 118 0 0.001
702 117 0 0.001
702 117 0 0.001
702 117 0 0.001
701 117 0 0.001
701 117 0 0.001
701 116 0 0.001
701 116 0 0.001
701 116 0 0.001
700 116 0 0.001
700 116 0 0.001
700 115 0 0.001
700 115 0 0.001
700 115 0 0.001
699 115 0 0.001
699 114 0 0.004
698 114 0 0.001
698 113 0 0.002
698 113 0 0.001
698 113 0 0.001
697 113 0 0.001
697 113 0 0.001
697 112 0 0.001
696 112 0 0.003
696 112 0 0.001
696 112 0 0
696 111 0 0.001
696 111 0 0.001
696 111 0 0.001
695 111 0 0.001
695 111 0 0.001
695 110 0 0.001
695 110 0 0.002
694 110 0 0.001
694 110 0 0.001
694 109 0 0.001
694 109 0 0
694 109 0 0.001
694 109 0 0.001
693 109 0 0.001
693 109 0 0.001
693 108 0 0.001
693 108 0 0.002
692 108 0 0.001
692 108 0 0.001
692 107 0 0.001
692 107 0 0.001
692 107 0 0.001
691 107 0 0.001
691 107 0 0.001
691 107 0 0
691 106 0 0.001
691 106 0 0.002
691 106 0 0
690 106 0 0.001
690 106 0 0.001
690 105 0 0.001
690 105 0 0
690 105 0 0.001
690 105 0 0.001
689 105 0 0.001
689 105 0 0.001
689 104 0 0.001
689 104 0 0.001
689 104 0 0.001
688 104 0 0.001
688 104 0 0.001
688 103 0 0.001
688 103 0 0.001
688 103 0 0
688 103 0 0.001
687 103 0 0.001
687 103 0 0.001
687 102 0 0.001
687 102 0 0.001
687 102 0 0.001
686 102 0 0.001
686 102 0 0
686 102 0 0.001
686 101 0 0.001
686 101 0 0.001
686 101 0 0.001
685 101 0 0.001
685 101 0 0.001
685 100 0 0.001
685 100 0 0.001
684 100 0 0.002
684 100 0 0.001
684 100 0 0
684 99 0 0.001
684 99 0 0.001
684 99 0 0.001
684 99 0 0
683 99 0 0.001
683 99 0 0.001
683 98 0 0.001
683 98 0 0.001
682 98 0 0.002
682 98 0 0.001
682 98 0 0
682 97 0 0.001
682 97 0 0.001
682 97 0 0.001
681 97 0 0.001
681 97 0 0
681 97 0 0.001
681 96 0 0.001
681 96 0 0.002
680 96 0 0.001
680 96 0 0.001
680 95 0 0.001
680 95 0 0.001
680 95 0 0
680 95 0 0.001
679 95 0 0.001
679 95 0 0.001
679 94 0 0.001
679 94 0 0.001
678 94 0 0.002
678 94 0 0.001
678 93 0 0.001
678 93 0 0.001
678 93 0 0.001
678 93 0 0
677 93 0 0.001
677 93 0 0.001
677 92 0 0.001
677 92 0 0.001
677 92 0 0.001
676 92 0 0.001
676 92 0 0
676 91 0 0.002
676 91 0 0.001
676 91 0 0
676 91 0 0.001
675 91 0 0.002
675 91 0 0
675 90 0 0.001
675 90 0 0.001
674 90 0 0.002
674 90 0 0.001
674 89 0 0.001
674 89 0 0.001
674 89 0 0.001
673 89 0 0.001
673 89 0 0
673 89 0 0.001
673 88 0 0.001
673 88 0 0.001
673 88 0 0.001
672 88 0 0.001
672 88 0 0.001
672 87 0 0.001
672 87 0 0.001
672 87 0 0.001
671 87 0 0.001
671 87 0 0
671 87 0 0.001
671 86 0 0.001
671 86 0 0.001
671 86 0 0.001
671 86 0 0
670 86 0 0.002
670 86 0 0
670 85 0 0.002
670 85 0 0
670 85 0 0.001
669 85 0 0.001
669 85 0 0.001
669 84 0 0.001
669 84 0 0.001
669 84 0 0.001
668 84 0 0.001
668 84 0 0.001
668 83 0 0.002
668 83 0 0.001
668 83 0 0
667 83 0 0.001
667 83 0 0.001
667 82 0 0.001
667 82 0 0.001
667 82 0 0.001
666 82 0 0.001
666 82 0 0.001
666 82 0 0
666 81 0 0.001
666 81 0 0.001
666 81 0 0.001
665 81 0 0.001
665 81 0 0.001
665 80 0 0.001
665 80 0 0.001
665 80 0 0.001
664 80 0 0.001
664 80 0 0.001
664 79 0 0.001
664 79 0 0
664 79 0 0.001
664 79 0 0.001
663 79 0 0.001
663 79 0 0.001
663 78 0 0.001
663 78 0 0
663 78 0 0.001
662 78 0 0.002
662 78 0 0.001
662 77 0 0.002
662 77 0 0.001
661 77 0 0.001
661 77 0 0.001
661 77 0 0
661 76 0 0.001
661 76 0 0.001
661 76 0 0.001
660 76 0 0.001
660 76 0 0.001
660 75 0 0.001
660 75 0 0
660 75 0 0.001
660 75 0 0.001
659 75 0 0.001
659 75 0 0.001
659 75 0 0
659 74 0 0.001
659 74 0 0.001
659 74 0 0.001
658 74 0 0.002
658 73 0 0.001
658 73 0 0.001
658 73 0 0.001
657 73 0 0.001
657 73 0 0
657 73 0 0.001
657 72 0 0.001
657 72 0 0.001
657 72 0 0.001
656 72 0 0.002
656 72 0 0
656 71 0 0.001
656 71 0 0.002
655 71 0 0.002
655 70 0 0.001
655 70 0 0.001
655 70 0 0.001
654 70 0 0.001
654 70 0 0.001
654 69 0 0.001
654 69 0 0.001
654 69 0 0
654 69 0 0.001
653 69 0 0.001
653 69 0 0.001
653 69 0 0
653 68 0 0.001
653 68 0 0.001
653 68 0 0.001
652 68 0 0.002
652 67 0 0.001
652 67 0 0.001
652 67 0 0.001
651 67 0 0.001
651 67 0 0.001
651 67 0 0
651 66 0 0.001
651 66 0 0.001
651 66 0 0.001
650 66 0 0.002
650 66 0 0.001
650 66 0 0.001
650 66 0 0.001
649 66 0 0.001
649 66 0 0.001
649 66 0 0.001
649 66 0 0.001
648 66 0 0.002
648 66 0 0.001
648 66 0 0.001
648 66 0 0.001
648 66 0 0
648 66 0 0.001
647 66 0 0.001
647 66 0 0.001
647 66 0 0
647 66 0 0.001
647 66 0 0.001
647 66 0 0.001
646 66 0 0.001
646 66 0 0.001
646 66 0 0.001
646 66 0 0.001
646 66 0 0
646 66 0 0.001
645 66 0 0.001
645 66 0 0.001
645 66 0 0.001
645 66 0 0.001
645 66 0 0.001
645 66 0 0
644 66 0 0.002
644 66 0 0.001
644 66 0 0.001
644 66 0 0.001
644 66 0 0
643 66 0 0.001
643 66 0 0.001
643 66 0 0.001
643 66 0 0
643 66 0 0.001
643 66 0 0.001
642 66 0 0.002
642 66 0 0.002
642 66 0 0.001
642 66 0 0
641 66 0 0.001
641 66 0 0.001
641 66 0 0.001
641 66 0 0.001
641 66 0 0.001
640 66 0 0.002
640 66 0 0.001
640 66 0 0.001
640 66 0 0
640 66 0 0.001
639 66 0 0.001
639 66 0 0.001
639 66 0 0.002
638 66 0 0.002
638 66 0 0.001
638 66 0 0.001
638 66 0 0.001
638 66 0 0.001
637 66 0 0.001
637 66 0 0.001
637 66 0 0.001
637 66 0 0.001
637 66 0 0
636 66 0 0.002
636 66 0 0.001
636 66 0 0.001
636 66 0 0.001
636 66 0 0.001
635 66 0 0.001
635 66 0 0.001
635 66 0 0.001
635 66 0 0.001
635 66 0 0
635 66 0 0.001
634 66 0 0.001
634 66 0 0.001
634 66 0 0.001
634 66 0 0.001
634 66 0 0
634 66 0 0.001
633 66 0 0.001
633 66 0 0.001
633 66 0 0
633 66 0 0.001
633 66 0 0.001
632 66 0 0.002
632 66 0 0.001
632 66 0 0.001
632 66 0 0.001
632 66 0 0.001
632 66 0 0
631 66 0 0.001
631 66 0 0.001
631 66 0 0.001
631 66 0 0
631 66 0 0.001
631 66 0 0.001
630 66 0 0.001
630 66 0 0.001
630 66 0 0.001
630 66 0 0.001
630 66 0 0.001
629 66 0 0.002
629 66 0 0.001
629 66 0 0.001
629 66 0 0.001
628 66 0 0.002
628 66 0 0.002
628 66 0 0.001
627 66 0 0.001
627 66 0 0.001
627 66 0 0.002
627 66 0 0.001
626 66 0 0.002
626 66 0 0.002
626 66 0 0.001
625 66 0 0.001
625 66 0 0.001
625 66 0 0.001
625 66 0 0.001
625 66 0 0.001
625 66 0 0
624 66 0 0.001
624 66 0 0.001
624 66 0 0.001
624 66 0 0.002
623 66 0 0.001
623 66 0 0.001
623 66 0 0.001
623 66 0 0.001
623 66 0 0
622 66 0 0.002
622 66 0 0.001
622 66 0 0.001
622 66 0 0.002
621 66 0 0.001
621 66 0 0.001
621 66 0 0.001
621 66 0 0.002
620 66 0 0.001
620 66 0 0.001
620 66 0 0.002
619 66 0 0.002
619 66 0 0.001
619 66 0 0.002
619 66 0 0.001
618 66 0 0.001
618 66 0 0.001
618 66 0 0.002
618 66 0 0.001
617 66 0 0.001
617 66 0 0.001
617 66 0 0.003
616 66 0 0.001
616 66 0 0.002
616 66 0 0.002
615 66 0 0.002
615 66 0 0.001
615 66 0 0.001
614 66 0 0.002
614 66 0 0.001
614 66 0 0.002
614 66 0 0.001
613 66 0 0.001
613 66 0 0.001
613 66 0 0.001
613 66 0 0.001
612 66 0 0.002
612 66 0 0.001
612 66 0 0.001
612 66 0 0.001
612 66 0 0.001
611 66 0 0.001
611 66 0 0.001
611 66 0 0.001
611 66 0 0.001
611 66 0 0.001
610 66 0 0.001
610 66 0 0.001
610 66 0 0.001
610 66 0 0
610 66 0 0.001
610 66 0 0.001
609 66 0 0.001
609 66 0 0
609 66 0 0.001
609 66 0 0.001
609 66 0 0.002
608 66 0 0.001
608 66 0 0.001
608 66 0 0.001
608 66 0 0
608 66 0 0.001
608 66 0 0.001
607 66 0 0.001
607 66 0 0.001
607 66 0 0.001
607 66 0 0.001
607 66 0 0.001
606 66 0 0.001
606 66 0 0.001
606 66 0 0.001
606 66 0 0.001
606 66 0 0.001
605 66 0 0.001
605 66 0 0.001
605 66 0 0.001
605 66 0 0.001
605 66 0 0.001
604 66 0 0.001
604 66 0 0.001
604 66 0 0.001
604 66 0 0.001
604 66 0 0
604 66 0 0.001
603 66 0 0.001
603 66 0 0.001
603 66 0 0.001
603 66 0 0
603 66 0 0.002
602 66 0 0.001
602 66 0 0.001
602 66 0 0.001
602 66 0 0.001
602 66 0 0.001
601 66 0 0.001
601 66 0 0.001
601 66 0 0.001
601 66 0 0.001
601 66 0 0.001
600 66 0 0.001
600 66 0 0.001
600 66 0 0
600 66 0 0.001
600 66 0 0.001
600 66 0 0.001
599 66 0 0.001
599 66 0 0
599 66 0 0.001
599 66 0 0.001
599 66 0 0.001
599 66 0 0.001
598 66 0 0.002
598 66 0 0.001
598 66 0 0.001
598 66 0 0
598 66 0 0.001
597 66 0 0.001
597 66 0 0.001
597 66 0 0.001
597 66 0 0
597 66 0 0.001
597 66 0 0.001
596 66 0 0.001
596 66 0 0.001
596 66 0 0.001
596 66 0 0.001
596 66 0 0
596 66 0 0.001
595 66 0 0.002
595 66 0 0.001
595 66 0 0.001
595 66 0 0.001
594 66 0 0.001
594 66 0 0.001
594 66 0 0.001
594 66 0 0
594 66 0 0.001
594 66 0 0.001
594 66 0 0
593 66 0 0.001
593 66 0 0.001
593 66 0 0.001
593 66 0 0
593 66 0 0.001
592 66 0 0.003
592 66 0 0.001
592 66 0 0.001
592 66 0 0.001
591 66 0 0.002
591 66 0 0.001
591 66 0 0.001
590 66 0 0.002
590 66 0 0.001
590 66 0 0.001
590 66 0 0.001
590 66 0 0.001
589 66 0 0.002
589 66 0 0.003
588 66 0 0.002
588 66 0 0.001
588 66 0 0.001
588 66 0 0.001
588 66 0 0
587 66 0 0.001
587 66 0 0.001
587 66 0 0.001
587 66 0 0
587 66 0 0.001
587 66 0 0.001
586 66 0 0.001
586 66 0 0.001
586 66 0 0.001
586 66 0 0.001
586 66 0 0.001
585 66 0 0.001
585 66 0 0.001
585 66 0 0.001
585 66 0 0.001
584 66 0 0.002
584 66 0 0.001
584 66 0 0
584 66 0 0.001
584 66 0 0.001
584 66 0 0.001
584 66 0 0
583 66 0 0.001
583 66 0 0.001
583 66 0 0.001
583 66 0 0.002
582 66 0 0.001
582 66 0 0.002
582 66 0 0.001
582 66 0 0.001
581 66 0 0.001
581 66 0 0
581 66 0 0.001
581 66 0 0.001
581 66 0 0.001
581 66 0 0.001
580 66 0 0.001
580 66 0 0.001
580 66 0 0.001
580 66 0 0.001
580 66 0 0.001
579 66 0 0.001
579 66 0 0.001
579 66 0 0
579 66 0 0.001
579 66 0 0.001
579 66 0 0.001
578 66 0 0.001
578 66 0 0.002
578 66 0 0.001
578 66 0 0
578 66 0 0.001
577 66 0 0.001
577 66 0 0.001
577 66 0 0
577 66 0 0.001
577 66 0 0.001
577 66 0 0.001
577 66 0 0
576 66 0 0.001
576 66 0 0.002
576 66 0 0.001
576 66 0 0.001
575 66 0 0.001
575 66 0 0.001
575 66 0 0.001
575 66 0 0.001
575 66 0 0.001
575 66 0 0
574 66 0 0.001
574 66 0 0.002
574 66 0 0.001
574 66 0 0.001
573 66 0 0.001
573 66 0 0
573 66 0 0.001
573 66 0 0.001
573 66 0 0.001
573 66 0 0
573 66 0 0.001
572 66 0 0.001
572 66 0 0.002
572 66 0 0.001
572 66 0 0.001
571 66 0 0.001
571 66 0 0
571 66 0 0.001
571 66 0 0.001
571 66 0 0.001
571 66 0 0
571 66 0 0.001
570 66 0 0.001
570 66 0 0.002
570 66 0 0
570 66 0 0.001
570 66 0 0.001
569 66 0 0.001
569 66 0 0.001
569 66 0 0.001
569 66 0 0.001
569 66 0 0.001
568 66 0 0.001
568 66 0 0.001
568 66 0 0
568 66 0 0.001
568 66 0 0.001
567 66 0 0.002
567 66 0 0.001
567 66 0 0
567 66 0 0.001
567 66 0 0.001
567 66 0 0.001
566 66 0 0.001
566 66 0 0
566 66 0 0.001
566 66 0 0.001
566 66 0 0.001
565 66 0 0.002
565 66 0 0.001
565 66 0 0.001
565 66 0 0
565 66 0 0.001
565 66 0 0.001
564 66 0 0.001
564 66 0 0.001
564 66 0 0.001
564 66 0 0.001
564 66 0 0
563 66 0 0.002
563 66 0 0.001
563 66 0 0
563 66 0 0.001
563 66 0 0.001
563 66 0 0
562 66 0 0.002
562 66 0 0
562 66 0 0.001
562 66 0 0.001
561 66 0 0.003
561 66 0 0.001
561 66 0 0.001
561 66 0 0
561 66 0 0.001
561 66 0 0.001
560 66 0 0.001
560 66 0 0.001
560 66 0 0
560 66 0 0.001
560 66 0 0.001
559 66 0 0.002
559 66 0 0.001
559 66 0 0.001
559 66 0 0
559 66 0 0.001
559 66 0 0.001
558 66 0 0.001
558 66 0 0.001
558 66 0 0.001
558 66 0 0.001
558 66 0 0
558 66 0 0.001
557 66 0 0.002
557 66 0 0
557 66 0 0.001
557 66 0 0.001
557 66 0 0.001
557 66 0 0
556 66 0 0.001
556 66 0 0.001
556 66 0 0.001
556 66 0 0.001
556 66 0 0.001
555 66 0 0.002
555 66 0 0.001
555 66 0 0.001
555 66 0 0
555 66 0 0.001
554 66 0 0.001
554 66 0 0.001
554 66 0 0.001
554 66 0 0.001
553 66 0 0.002
553 66 0 0.001
553 66 0 0
553 66 0 0.001
553 66 0 0.001
553 66 0 0.001
552 66 0 0.001
552 66 0 0
552 66 0 0.001
552 66 0 0.001
552 66 0 0.001
552 66 0 0.001
551 66 0 0.001
551 66 0 0.002
551 66 0 0.001
551 66 0 0
551 66 0 0.001
550 66 0 0.001
550 66 0 0
550 66 0 0.001
550 66 0 0.001
550 66 0 0.001
550 65 0 0.001
549 65 0 0.001
549 65 0 0.001
549 65 0 0.002
549 65 0 0
549 64 0 0.001
548 64 0 0.001
548 64 0 0.001
548 64 0 0.001
548 64 0 0
548 64 0 0.001
548 63 0 0.001
547 63 0 0.002
547 63 0 0.001
547 63 0 0
547 63 0 0.001
547 62 0 0.001
546 62 0 0.001
546 62 0 0.001
546 62 0 0
546 62 0 0.001
546 61 0 0.002
545 61 0 0.001
545 61 0 0.002
545 61 0 0.001
545 60 0 0.001
544 60 0 0.001
544 60 0 0
544 60 0 0.001
544 60 0 0.001
544 60 0 0.001
544 60 0 0
544 59 0 0.001
543 59 0 0.001
543 59 0 0.002
543 59 0 0
543 59 0 0.001
543 58 0 0.001
542 58 0 0.001
542 58 0 0.001
542 58 0 0.001
542 58 0 0.001
542 57 0 0.001
541 57 0 0.001
541 57 0 0.001
541 57 0 0.001
541 57 0 0.001
541 56 0 0.001
540 56 0 0.001
540 56 0 0.001
540 56 0 0.001
540 56 0 0.001
540 55 0 0.001
539 55 0 0.001
539 55 0 0.002
539 55 0 0.001
539 54 0 0.001
538 54 0 0.001
538 54 0 0.001
538 54 0 0.001
538 54 0 0.001
538 53 0 0.001
537 53 0 0.001
537 53 0 0
537 53 0 0.001
537 53 0 0.001
537 53 0 0.001
537 52 0 0.001
536 52 0 0.001
536 52 0 0.001
536 52 0 0.001
536 52 0 0.001
535 51 0 0.002
535 51 0 0.001
535 51 0 0.001
535 51 0 0.001
535 50 0 0.001
534 50 0 0.002
534 50 0 0.001
534 50 0 0.001
534 49 0 0.001
533 49 0 0.001
533 49 0 0.001
533 49 0 0.001
533 49 0 0.001
533 48 0 0.001
532 48 0 0.001
532 48 0 0.001
532 48 0 0.002
532 47 0 0.001
531 47 0 0.001
531 47 0 0
531 47 0 0.001
531 47 0 0.001
531 47 0 0
531 47 0 0.001
531 46 0 0.001
530 46 0 0.001
530 46 0 0.001
530 46 0 0.001
530 46 0 0.001
529 45 0 0.002
529 45 0 0.001
529 45 0 0.001
529 45 0 0.001
529 44 0 0.001
528 44 0 0.001
528 44 0 0.001
528 44 0 0
528 44 0 0.001
528 43 0 0.002
527 43 0 0.001
527 43 0 0.001
527 43 0 0
527 43 0 0.001
527 43 0 0.001
527 42 0 0.001
526 42 0 0.001
526 42 0 0.001
526 42 0 0
526 42 0 0.002
525 41 0 0.002
525 41 0 0.001
525 41 0 0
525 41 0 0.001
525 41 0 0.001
525 40 0 0.001
524 40 0 0.001
524 40 0 0.001
524 40 0 0.001
524 40 0 0.001
523 39 0 0.002
523 39 0 0
523 39 0 0.001
523 39 0 0.001
523 39 0 0.001
523 38 0 0.001
522 38 0 0.001
522 38 0 0.001
522 38 0 0.001
522 38 0 0.001
522 37 0 0.001
521 37 0 0.001
521 37 0 0.001
521 37 0 0.001
521 37 0 0
521 37 0 0.001
521 36 0 0.001
520 36 0 0.002
520 36 0 0.002
520 35 0 0.001
519 35 0 0.001
519 35 0 0.001
519 35 0 0.001
519 34 0 0.002
518 34 0 0.001
518 34 0 0.002
518 34 0 0.001
518 33 0 0.001
517 33 0 0.002
517 33 0 0.001
517 33 0 0.001
517 32 0 0.001
516 32 0 0.001
516 32 0 0.001
516 32 0 0.001
516 32 0 0.001
516 31 0 0.001
515 31 0 0.002
515 31 0 0.001
515 31 0 0.001
515 30 0 0.001
514 30 0 0.001
514 30 0 0.001
514 30 0 0.002
514 29 0 0.001
513 29 0 0.001
513 29 0 0.001
513 29 0 0.002
513 28 0 0.001
512 28 0 0.001
512 28 0 0.001
512 28 0 0.002
511 27 0 0.002
511 27 0 0.001
511 27 0 0.001
511 26 0 0.002
510 26 0 0.001
510 26 0 0.001
510 26 0 0.001
510 26 0 0.001
510 25 0 0.001
509 25 0 0.002
509 25 0 0.001
509 25 0 0.001
508 24 0 0.002
508 24 0 0.001
508 24 0 0.002
508 23 0 0.001
507 23 0 0.001
507 23 0 0.001
507 23 0 0.001
507 23 0 0.001
507 22 0 0.001
506 22 0 0.001
506 22 0 0.001
506 22 0 0.001
506 21 0 0.002
505 21 0 0.003
505 21 0 0.002
504 21 0 0.001
504 21 0 0.001
504 21 0 0.001
504 21 0 0.001
503 21 0 0.002
503 21 0 0.001
503 21 0 0
503 21 0 0.002
502 21 0 0.002
502 21 0 0.001
502 21 0 0.001
502 21 0 0.002
501 21 0 0.002
501 21 0 0.002
501 21 0 0.001
500 21 0 0.001
500 21 0 0.001
500 21 0 0.001
500 21 0 0.001
500 21 0 0.001
499 21 0 0.001
499 21 0 0.003
499 21 0 0.001
498 21 0 0.002
498 21 0 0.001
498 21 0 0.001
497 21 0 0.002
497 21 0 0.001
497 21 0 0.001
497 21 0 0.001
497 21 0 0.001
496 21 0 0.001
496 21 0 0.002
496 21 0 0.002
495 21 0 0.001
495 21 0 0.002
495 21 0 0.001
494 21 0 0.002
494 21 0 0.001
494 21 0 0.001
494 21 0 0.001
494 21 0 0.001
493 21 0 0.002
493 21 0 0.002
493 21 0 0.001
492 21 0 0.002
492 21 0 0.001
492 21 0 0.001
491 21 0 0.002
491 21 0 0.002
491 21 0 0.001
490 21 0 0.002
490 21 0 0.001
490 21 0 0.001
490 21 0 0.002
489 21 0 0.001
489 21 0 0.001
489 21 0 0.001
489 21 0 0.001
489 21 0 0.001
488 21 0 0.001
488 21 0 0.001
488 21 0 0.001
488 21 0 0.001
487 21 0 0.002
487 21 0 0.001
487 21 0 0.002
487 21 0 0.001
486 21 0 0.001
486 21 0 0.002
486 21 0 0.001
485 21 0 0.003
485 21 0 0.001
485 21 0 0.001
484 21 0 0.002
484 21 0 0.001
484 21 0 0.002
483 21 0 0.002
483 21 0 0.002
483 21 0 0.001
483 21 0 0.001
482 21 0 0.002
482 21 0 0.001
482 21 0 0.002
481 21 0 0.001
481 21 0 0.001
481 21 0 0.001
481 21 0 0.001
481 21 0 0.001
480 21 0 0.001
480 21 0 0.002
480 21 0 0.001
479 21 0 0.002
479 21 0 0.001
479 21 0 0.002
479 21 0 0.001
478 21 0 0.001
478 21 0 0.001
478 21 0 0.001
478 21 0 0.001
478 21 0 0.001
477 21 0 0.002
477 21 0 0.001
477 21 0 0.002
476 21 0 0.001
476 21 0 0.001
476 21 0 0.001
476 21 0 0.001
476 21 0 0.001
475 21 0 0.001
475 21 0 0.002
475 21 0 0.001
475 21 0 0.001
474 21 0 0.001
474 21 0 0.001
474 21 0 0.001
474 21 0 0.001
474 21 0 0.001
473 21 0 0.001
473 21 0 0.001
473 21 0 0.001
473 21 0 0
473 21 0 0.002
472 21 0 0.001
472 21 0 0.001
472 21 0 0.001
472 21 0 0.001
472 21 0 0.001
472 21 0 0
471 21 0 0.001
471 21 0 0.001
471 21 0 0
471 21 0 0.001
471 21 0 0.001
471 21 0 0.001
470 21 0 0.001
470 21 0 0
470 21 0 0.001
470 21 0 0.001
470 21 0 0.001
469 21 0 0.002
469 21 0 0.001
469 21 0 0.001
469 21 0 0
469 21 0 0.002
468 21 0 0.001
468 21 0 0.001
468 21 0 0.001
468 21 0 0.002
467 21 0 0.001
467 21 0 0.001
467 21 0 0.001
467 21 0 0.001
467 21 0 0.001
466 21 0 0.001
466 21 0 0.001
466 21 0 0.001
466 21 0 0.002
465 21 0 0.001
465 21 0 0.001
465 21 0 0.001
465 21 0 0.001
465 21 0 0.001
464 21 0 0.001
464 21 0 0.001
464 21 0 0.001
464 21 0 0.001
463 21 0 0.003
463 21 0 0.001
463 21 0 0.001
463 21 0 0.001
462 21 0 0.001
462 21 0 0.002
462 21 0 0.001
462 21 0 0.001
461 21 0 0.001
461 21 0 0.001
461 21 0 0.001
461 21 0 0.002
460 21 0 0.002
460 21 0 0.001
460 21 0 0.001
460 21 0 0
459 21 0 0.002
459 21 0 0.001
459 21 0 0.001
459 21 0 0.002
458 21 0 0.002
458 21 0 0.001
458 21 0 0.001
458 21 0 0.001
457 21 0 0.002
457 21 0 0.001
457 21 0 0.001
457 21 0 0
456 21 0 0.002
456 21 0 0.001
456 21 0 0.002
456 21 0 0.001
455 21 0 0.002
455 21 0 0.002
454 21 0 0.002
454 21 0 0.001
454 21 0 0.001
454 21 0 0.001
454 21 0 0.001
453 21 0 0.001
453 21 0 0.001
453 21 0 0.001
453 21 0 0.001
453 21 0 0.001
452 21 0 0.001
452 21 0 0.002
452 21 0 0.001
452 21 0 0
451 21 0 0.002
451 21 0 0.001
451 21 0 0.001
451 21 0 0.001
451 21 0 0.001
450 21 0 0.001
450 21 0 0.002
450 21 0 0.002
449 21 0 0.001
449 21 0 0.002
449 21 0 0.001
449 21 0 0.001
448 21 0 0.001
448 21 0 0.001
448 21 0 0.001
448 21 0 0.001
447 21 0 0.002
447 21 0 0.001
447 21 0 0.001
447 21 0 0.001
447 21 0 0
446 21 0 0.002
446 22 0 0.001
446 22 0 0.002
445 22 0 0.002
445 23 0 0.001
445 23 0 0.001
445 23 0 0.001
445 23 0 0.001
444 23 0 0.001
444 24 0 0.001
444 24 0 0.001
444 24 0 0.001
443 24 0 0.002
443 25 0 0.002
443 25 0 0.001
443 25 0 0.001
442 25 0 0.001
442 26 0 0.002
442 26 0 0.001
442 26 0 0.001
441 27 0 0.002
441 27 0 0.001
441 27 0 0.001
441 27 0 0.001
440 27 0 0.001
440 28 0 0.001
440 28 0 0.001
440 28 0 0.001
440 28 0 0.001
439 28 0 0.001
439 29 0 0.002
439 29 0 0.001
439 29 0 0.001
438 29 0 0.001
438 30 0 0.001
438 30 0 0.001
438 30 0 0
438 30 0 0.001
438 30 0 0.001
438 30 0 0
437 30 0 0.001
437 31 0 0.001
437 31 0 0.002
437 31 0 0.001
436 31 0 0.001
436 32 0 0.001
436 32 0 0.001
436 32 0 0.001
436 32 0 0.001
435 32 0 0.001
435 33 0 0.002
435 33 0 0.001
435 33 0 0.001
435 33 0 0
434 33 0 0.001
434 34 0 0.001
434 34 0 0.001
434 34 0 0.001
434 34 0 0.001
433 34 0 0.001
433 35 0 0.002
433 35 0 0.001
433 35 0 0.001
432 35 0 0.001
432 36 0 0.001
432 36 0 0.001
432 36 0 0.002
431 36 0 0.001
431 37 0 0.001
431 37 0 0.001
431 37 0 0.001
431 37 0 0.001
430 37 0 0.001
430 38 0 0.001
430 38 0 0.001
430 38 0 0.001
430 38 0 0.001
429 38 0 0.001
429 39 0 0.002
429 39 0 0.001
429 39 0 0.001
428 39 0 0.001
428 40 0 0.001
428 40 0 0.001
428 40 0 0.001
427 40 0 0.002
427 41 0 0.001
427 41 0 0.001
427 41 0 0.001
427 41 0 0
427 41 0 0.001
426 41 0 0.001
426 42 0 0.002
426 42 0 0
426 42 0 0.002
425 42 0 0.001
425 43 0 0.001
425 43 0 0.001
425 43 0 0.001
425 43 0 0
425 43 0 0.001
424 43 0 0.001
424 43 0 0
424 44 0 0.001
424 44 0 0.001
424 44 0 0
424 44 0 0.001
423 45 0 0.005
423 45 0 0.001
422 45 0 0.001
422 46 0 0.001
422 46 0 0.001
422 46 0 0.001
422 46 0 0.001
421 46 0 0.001
421 47 0 0.001
421 47 0 0.001
421 47 0 0.001
421 47 0 0.001
420 47 0 0.001
420 48 0 0.001
420 48 0 0.002
420 48 0 0.001
419 49 0 0.002
419 49 0 0.001
419 49 0 0.001
419 49 0 0.001
418 49 0 0.001
418 50 0 0.001
418 50 0 0.001
418 50 0 0.001
418 50 0 0.001
417 50 0 0.001
417 51 0 0.002
417 51 0 0.002
416 51 0 0.001
416 52 0 0.001
416 52 0 0.001
416 52 0 0.001
415 52 0 0.002
415 53 0 0.001
415 53 0 0.001
415 53 0 0.001
415 53 0 0.001
414 53 0 0.001
414 54 0 0.003
414 54 0 0.001
413 55 0 0.002
413 55 0 0.001
413 55 0 0.002
412 56 0 0.004
412 56 0 0.001
411 57 0 0.002
411 57 0 0.001
411 57 0 0.001
410 57 0 0.002
410 58 0 0.001
410 58 0 0.001
410 58 0 0.002
409 58 0 0.001
409 59 0 0.002
409 59 0 0.001
409 59 0 0.001
408 60 0 0.002
408 60 0 0.001
408 60 0 0.001
408 60 0 0.001
407 61 0 0.002
407 61 0 0.001
407 61 0 0.001
407 61 0 0.001
406 61 0 0.001
406 62 0 0.001
406 62 0 0.003
405 62 0 0.001
405 63 0 0.001
405 63 0 0.001
405 63 0 0.001
405 63 0 0.001
404 63 0 0.001
404 64 0 0.001
404 64 0 0.001
404 64 0 0
404 64 0 0.002
403 64 0 0.001
403 65 0 0.001
403 65 0 0
403 65 0 0.001
403 65 0 0.002
403 65 0 0
402 65 0 0.001
402 66 0 0.001
402 66 0 0.003
401 66 0 0.001
401 67 0 0.001
401 67 0 0.001
401 67 0 0.001
401 67 0 0.001
400 67 0 0.001
400 68 0 0.001
400 68 0 0.001
400 68 0 0.001
400 68 0 0.001
399 68 0 0.001
399 69 0 0.001
399 69 0 0.001
399 69 0 0.001
399 69 0 0
399 69 0 0.001
398 69 0 0.001
398 70 0 0.002
398 70 0 0.001
398 70 0 0.001
397 70 0 0.001
397 71 0 0.001
397 71 0 0
397 71 0 0.001
397 71 0 0.001
397 71 0 0.001
396 72 0 0.002
396 72 0 0.001
396 72 0 0.001
396 72 0 0.001
396 72 0 0
395 72 0 0.001
395 73 0 0.001
395 73 0 0.001
395 73 0 0.001
395 73 0 0.001
394 73 0 0.001
394 74 0 0.001
394 74 0 0.001
394 74 0 0.001
394 74 0 0.001
393 74 0 0.001
393 75 0 0.001
393 75 0 0.001
393 75 0 0
393 75 0 0.001
392 76 0 0.003
392 76 0 0.001
392 76 0 0.001
392 76 0 0.001
391 76 0 0.001
391 76 0 0
391 77 0 0.001
391 77 0 0.001
391 77 0 0.001
391 77 0 0
391 77 0 0.001
390 77 0 0.001
390 78 0 0.001
390 78 0 0.001
390 78 0 0.001
390 78 0 0.001
389 78 0 0.001
389 79 0 0.001
389 79 0 0.001
389 79 0 0.001
389 79 0 0
388 79 0 0.002
388 80 0 0.001
388 80 0 0.001
388 80 0 0.001
388 80 0 0.001
387 80 0 0.001
387 81 0 0.001
387 81 0 0.001
387 81 0 0.001
387 81 0 0
386 81 0 0.002
386 82 0 0.001
386 82 0 0.001
386 82 0 0.001
386 82 0 0.001
385 82 0 0.001
385 83 0 0.001
385 83 0 0.001
385 83 0 0.001
385 83 0 0.001
384 84 0 0.003
384 84 0 0.001
384 84 0 0.001
383 84 0 0.001
383 85 0 0.001
383 85 0 0.001
383 85 0 0.001
383 85 0 0.001
382 85 0 0.001
382 86 0 0.001
382 86 0 0.002
382 86 0 0.001
381 86 0 0.001
381 86 0 0
381 87 0 0.001
381 87 0 0.001
381 87 0 0.001
381 87 0 0.001
380 87 0 0.001
380 88 0 0.001
380 88 0 0.001
380 88 0 0.001
380 88 0 0.001
379 88 0 0.001
379 89 0 0.001
379 89 0 0.001
379 89 0 0.001
379 89 0 0.001
378 89 0 0.001
378 90 0 0.001
378 90 0 0.001
378 90 0 0.002
378 90 0 0
377 90 0 0.001
377 90 0 0.002
377 90 0 0.001
377 90 0 0.001
377 90 0 0
376 90 0 0.001
376 90 0 0.001
376 90 0 0.001
376 90 0 0.001
376 90 0 0.001
375 90 0 0.002
375 90 0 0.001
375 90 0 0.001
375 90 0 0
375 90 0 0.001
374 90 0 0.001
374 90 0 0.001
374 90 0 0.001
374 90 0 0.001
374 90 0 0.001
373 90 0 0.001
373 90 0 0.001
373 90 0 0.001
373 90 0 0.001
373 90 0 0.001
372 90 0 0.001
372 90 0 0.001
372 90 0 0.001
372 90 0 0.001
372 90 0 0
372 90 0 0.001
371 90 0 0.003
371 90 0 0
371 90 0 0.001
371 90 0 0.001
370 90 0 0.001
370 90 0 0.001
370 90 0 0.001
370 90 0 0.001
370 90 0 0
369 90 0 0.003
369 90 0 0
369 90 0 0.001
369 90 0 0.001
369 90 0 0.001
368 90 0 0.001
368 90 0 0.001
368 90 0 0.001
368 90 0 0
368 90 0 0.001
367 90 0 0.002
367 90 0 0
367 90 0 0.001
367 90 0 0.001
367 90 0 0.001
367 90 0 0.001
366 90 0 0.001
366 90 0 0.001
366 90 0 0.001
366 90 0 0.002
365 90 0 0.001
365 90 0 0.001
365 90 0 0.001
365 90 0 0.001
365 90 0 0.001
364 90 0 0.001
364 90 0 0.001
364 90 0 0.001
364 90 0 0.001
364 90 0 0.001
363 90 0 0.001
363 90 0 0
363 90 0 0.001
363 90 0 0.001
363 90 0 0.002
362 90 0 0.001
362 90 0 0.001
362 90 0 0.001
362 90 0 0.001
362 90 0 0.001
361 90 0 0.001
361 90 0 0
361 90 0 0.001
361 90 0 0.001
361 90 0 0
361 90 0 0.001
360 90 0 0.002
360 90 0 0.001
360 90 0 0.001
360 90 0 0.001
360 90 0 0.001
359 90 0 0.001
359 90 0 0.001
359 90 0 0
359 90 0 0.001
359 90 0 0.001
359 90 0 0.001
358 90 0 0.002
358 90 0 0.001
358 90 0 0.001
358 90 0 0
357 90 0 0.002
357 90 0 0.001
357 90 0 0
357 90 0 0.001
357 90 0 0.001
357 90 0 0.001
356 90 0 0.002
356 90 0 0.001
356 90 0 0.001
356 90 0 0.001
355 90 0 0.001
355 90 0 0
355 90 0 0.001
355 90 0 0.001
355 90 0 0.001
355 90 0 0.001
354 90 0 0.001
354 90 0 0.002
354 90 0 0.001
354 90 0 0.001
353 90 0 0.002
353 90 0 0.001
353 90 0 0.001
353 89 0 0.001
352 89 0 0.001
352 89 0 0
352 89 0 0.001
352 89 0 0.001
352 88 0 0.002
351 88 0 0.001
351 88 0 0.001
351 88 0 0.001
351 88 0 0
351 88 0 0.001
351 87 0 0.001
350 87 0 0.001
350 87 0 0.001
350 87 0 0.002
350 86 0 0.001
349 86 0 0.001
349 86 0 0.001
349 86 0 0
349 86 0 0.001
349 86 0 0.001
349 85 0 0.001
348 85 0 0.001
348 85 0 0.001
348 85 0 0.001
348 85 0 0
348 85 0 0.001
348 84 0 0.001
347 84 0 0.001
347 84 0 0.001
347 84 0 0.001
347 84 0 0.001
347 83 0 0.001
346 83 0 0.001
346 83 0 0
346 83 0 0.002
346 83 0 0.001
346 83 0 0
345 82 0 0.002
345 82 0 0.001
345 82 0 0.001
345 82 0 0.001
345 81 0 0.001
344 81 0 0.001
344 81 0 0.001
344 81 0 0
344 81 0 0.001
344 81 0 0.001
344 80 0 0.001
343 80 0 0.001
343 80 0 0.001
343 80 0 0.001
343 80 0 0.001
343 79 0 0.001
342 79 0 0.001
342 79 0 0.001
342 79 0 0.001
342 78 0 0.002
341 78 0 0.001
341 78 0 0.001
341 78 0 0.001
341 78 0 0.001
341 77 0 0.001
340 77 0 0.001
340 77 0 0
340 77 0 0.001
340 77 0 0.002
340 76 0 0.001
339 76 0 0.001
339 76 0 0.001
339 76 0 0.002
339 75 0 0.001
338 75 0 0.001
338 75 0 0.001
338 75 0 0.001
338 74 0 0.002
337 74 0 0.001
337 74 0 0.001
337 74 0 0.001
337 74 0 0.001
337 73 0 0.001
336 73 0 0.001
336 73 0 0.001
336 73 0 0.001
336 72 0 0.002
335 72 0 0.001
335 72 0 0.001
335 72 0 0.001
335 72 0 0.001
335 71 0 0.001
335 71 0 0
334 71 0 0.001
334 71 0 0.001
334 71 0 0.001
334 71 0 0.001
333 70 0 0.002
333 70 0 0
333 70 0 0.001
333 70 0 0.001
333 70 0 0.001
333 69 0 0.001
332 69 0 0.001
332 69 0 0
332 69 0 0.001
332 69 0 0.001
332 69 0 0.001
331 68 0 0.002
331 68 0 0
331 68 0 0.002
331 68 0 0.001
331 68 0 0
331 67 0 0.001
330 67 0 0.001
330 67 0 0.001
330 67 0 0
330 67 0 0.001
330 66 0 0.002
330 66 0 0
330 66 0 0.001
330 66 0 0.001
330 66 0 0.001
330 66 0 0.001
330 65 0 0.002
330 65 0 0.001
330 65 0 0.001
330 65 0 0
330 65 0 0.001
330 64 0 0.001
330 64 0 0.001
330 64 0 0.001
330 64 0 0
330 64 0 0.001
330 63 0 0.002
330 63 0 0.001
330 63 0 0.001
330 63 0 0.001
330 63 0 0.001
330 62 0 0.001
330 62 0 0.001
330 62 0 0.001
330 62 0 0.001
330 62 0 0.001
330 61 0 0.002
330 61 0 0.001
330 61 0 0.001
330 61 0 0.001
330 60 0 0.001
330 60 0 0.001
330 60 0 0
330 60 0 0.001
330 60 0 0.001
330 60 0 0.001
330 59 0 0.001
330 59 0 0.001
330 59 0 0.001
330 59 0 0.001
330 58 0 0.002
330 58 0 0.001
330 58 0 0
330 58 0 0.001
330 58 0 0.001
330 58 0 0.001
330 57 0 0.001
330 57 0 0.001
330 57 0 0.002
330 57 0 0.001
330 56 0 0.001
330 56 0 0.001
330 56 0 0
330 56 0 0.001
330 56 0 0.001
330 56 0 0.001
330 55 0 0.001
330 55 0 0.001
330 55 0 0.001
330 55 0 0
330 55 0 0.001
330 55 0 0.001
330 55 0 0
330 54 0 0.002
330 54 0 0.001
330 54 0 0.001
330 54 0 0.001
330 53 0 0.002
330 53 0 0.001
330 53 0 0.001
330 53 0 0.001
330 52 0 0.001
330 52 0 0.001
330 52 0 0.001
330 52 0 0.001
330 52 0 0.001
330 51 0 0.001
330 51 0 0.001
330 51 0 0.001
330 51 0 0.001
330 51 0 0
330 51 0 0.001
330 50 0 0.001
330 50 0 0.001
330 50 0 0.001
330 50 0 0.002
330 49 0 0.001
330 49 0 0.001
330 49 0 0.001
330 49 0 0.001
330 49 0 0.001
330 48 0 0.002
330 48 0 0.001
330 48 0 0.001
330 47 0 0.002
330 47 0 0.002
330 47 0 0.001
330 47 0 0.001
330 46 0 0.002
330 46 0 0.001
330 46 0 0.001
330 45 0 0.002
330 45 0 0.001
330 45 0 0.001
330 45 0 0
330 45 0 0.002
330 44 0 0.001
330 44 0 0.001
330 44 0 0.001
330 44 0 0.001
330 44 0 0.001
330 43 0 0.002
330 43 0 0.002
330 43 0 0.001
330 42 0 0.001
330 42 0 0.002
330 42 0 0.001
330 42 0 0.001
330 41 0 0.002
330 41 0 0.002
330 41 0 0.001
330 40 0 0.001
330 40 0 0.001
330 40 0 0.001
330 40 0 0.002
330 39 0 0.001
330 39 0 0.001
330 39 0 0.001
330 39 0 0.001
330 38 0 0.002
330 38 0 0.001
330 38 0 0.001
330 38 0 0.001
330 38 0 0.001
330 37 0 0.001
330 37 0 0.001
330 37 0 0.001
330 37 0 0.001
330 37 0 0.001
330 36 0 0.001
330 36 0 0
330 36 0 0.001
330 36 0 0.002
330 36 0 0.001
330 35 0 0.001
330 35 0 0.001
330 35 0 0.001
330 35 0 0.001
330 35 0 0.001
330 34 0 0.001
330 34 0 0.001
330 34 0 0
330 34 0 0.001
330 34 0 0.001
330 33 0 0.002
330 33 0 0.001
330 33 0 0.001
330 33 0 0
330 33 0 0.001
330 33 0 0.001
330 32 0 0.001
330 32 0 0.001
330 32 0 0.002
330 32 0 0.001
330 31 0 0.001
330 31 0 0.002
330 31 0 0.001
330 31 0 0.001
330 30 0 0.001
330 30 0 0
330 30 0 0.001
330 30 0 0.001
330 30 0 0.001
330 30 0 0.001
330 29 0 0.001
330 29 0 0.001
330 29 0 0.001
330 29 0 0.001
330 29 0 0.001
330 28 0 0.001
330 28 0 0.001
330 28 0 0.001
330 28 0 0.001
330 28 0 0.001
330 27 0 0.001
330 27 0 0.001
330 27 0 0.001
330 27 0 0.001
330 27 0 0.001
330 27 0 0
330 26 0 0.001
330 26 0 0.001
330 26 0 0.001
330 26 0 0.002
330 25 0 0.001
330 25 0 0.001
330 25 0 0.001
330 25 0 0.001
330 25 0 0.001
330 24 0 0.001
330 24 0 0.001
330 24 0 0
330 24 0 0.001
330 24 0 0.001
330 24 0 0.001
330 23 0 0.001
330 23 0 0.001
330 23 0 0.001
330 23 0 0.001
330 23 0 0.001
330 22 0 0.001
330 22 0 0
330 22 0 0.001
330 22 0 0.001
330 22 0 0.001
330 22 0 0.001
330 21 0 0.001
330 21 0 0.001
330 21 0 0
330 21 0 0.002
330 21 0 0.001
330 20 0 0.001
330 20 0 0.001
330 20 0 0.001
330 20 0 0.001
330 20 0 0
330 20 0 0.001
330 19 0 0.002
330 19 0 0.002
329 18 0 0.002
329 18 0 0.001
329 18 0 0.001
329 18 0 0
329 18 0 0.001
329 18 0 0.001
328 17 0 0.001
328 17 0 0.001
328 17 0 0.001
328 17 0 0.001
327 16 0 0.002
327 16 0 0.001
327 16 0 0.002
327 16 0 0.001
327 16 0 0
326 15 0 0.001
326 15 0 0.001
326 15 0 0.001
326 15 0 0.001
326 15 0 0
326 15 0 0.001
325 14 0 0.001
325 14 0 0.001
325 14 0 0.001
325 14 0 0.001
325 14 0 0.001
324 13 0 0.001
324 13 0 0.001
324 13 0 0
324 13 0 0.001
324 13 0 0.001
323 12 0 0.003
323 12 0 0.001
323 12 0 0.001
323 12 0 0
323 12 0 0.001
322 11 0 0.001
322 11 0 0.001
322 11 0 0.001
322 11 0 0.001
322 11 0 0.001
321 10 0 0.002
321 10 0 0.001
321 10 0 0.001
321 10 0 0
321 10 0 0.001
320 9 0 0.002
320 9 0 0.001
320 9 0 0.001
320 9 0 0.001
319 8 0 0.002
319 8 0 0.001
319 8 0 0.002
318 7 0 0.001
318 7 0 0.001
318 7 0 0.001
318 7 0 0.001
318 7 0 0.001
317 6 0 0.001
317 6 0 0.001
317 6 0 0.001
317 6 0 0.001
316 5 0 0.002
316 5 0 0.001
316 5 0 0.001
316 5 0 0.001
316 5 0 0.001
315 4 0 0.001
315 4 0 0.002
315 4 0 0.001
315 4 0 0.001
314 3 0 0.001
314 3 0 0.001
314 3 0 0
314 3 0 0.002
314 3 0 0.001
313 2 0 0.002
313 2 0 0.001
313 2 0 0.001
313 2 0 0
313 2 0 0.001
312 1 0 0.001
312 1 0 0.001
312 1 0 0
312 1 0 0.001
312 1 0 0.001
312 1 0 0.001
311 0 0 0.001
311 0 0 0.003
310 0 0 0.002
310 0 0 0.001
310 0 0 0.001
310 0 0 0.001
310 0 0 0.001
309 -1 0 0.002
309 -1 0 0.001
309 -1 0 0.001
308 -2 0 0.002
308 -2 0 0.001
308 -2 0 0.001
308 -2 0 0.001
308 -2 0 0.001
307 -3 0 0.002
307 -3 0 0.001
307 -3 0 0.001
307 -3 0 0.001
306 -4 0 0.002
306 -4 0 0.002
306 -4 0 0.001
305 -4 0 0.001
305 -4 0 0.002
305 -4 0 0.001
305 -4 0 0.001
304 -4 0 0.001
304 -4 0 0.001
304 -4 0 0.001
304 -4 0 0.002
303 -4 0 0.001
303 -4 0 0.001
303 -4 0 0.001
303 -4 0 0.001
303 -4 0 0.001
302 -4 0 0.001
302 -4 0 0.001
302 -4 0 0.001
302 -4 0 0.002
301 -4 0 0.002
301 -4 0 0.001
301 -4 0 0.001
301 -4 0 0.001
300 -4 0 0.002
300 -4 0 0.001
300 -4 0 0.001
300 -4 0 0
300 -4 0 0.001
299 -4 0 0.001
299 -4 0 0.001
299 -4 0 0.001
299 -4 0 0.002
298 -4 0 0.001
298 -4 0 0.001
298 -4 0 0.001
298 -4 0 0.001
298 -4 0 0.001
298 -4 0 0
297 -4 0 0.001
297 -4 0 0.002
297 -4 0 0.002
296 -4 0 0.001
296 -4 0 0.001
296 -4 0 0.001
296 -4 0 0.001
296 -4 0 0.001
295 -4 0 0.001
295 -4 0 0.001
295 -4 0 0.001
295 -4 0 0.001
295 -4 0 0.001
295 -4 0 0
294 -4 0 0.001
294 -4 0 0.002
294 -4 0 0.001
294 -4 0 0.001
293 -4 0 0.002
293 -4 0 0.001
293 -4 0 0.001
293 -4 0 0.001
292 -4 0 0.001
292 -4 0 0.003
292 -4 0 0.001
291 -4 0 0.001
291 -4 0 0.001
291 -4 0 0.001
291 -4 0 0.001
291 -4 0 0.001
290 -4 0 0.001
290 -4 0 0.002
290 -4 0 0.001
289 -4 0 0.002
289 -4 0 0.001
289 -4 0 0.001
289 -4 0 0
289 -4 0 0.001
289 -4 0 0.001
288 -4 0 0.002
288 -4 0 0.002
287 -4 0 0.002
287 -4 0 0.003
286 -4 0 0.002
286 -4 0 0.001
286 -4 0 0.002
286 -4 0 0.001
285 -4 0 0.001
285 -4 0 0.002
285 -4 0 0.002
284 -4 0 0.001
284 -4 0 0.001
284 -4 0 0.001
284 -4 0 0.001
284 -4 0 0
284 -4 0 0.001
283 -4 0 0.002
282 -4 0 0.004
282 -4 0 0.001
282 -4 0 0.001
282 -4 0 0
282 -4 0 0.001
282 -4 0 0.001
281 -4 0 0.001
281 -4 0 0.004
280 -4 0 0.001
280 -4 0 0.001
280 -4 0 0
280 -4 0 0.001
280 -4 0 0.001
280 -4 0 0.001
279 -4 0 0.001
279 -4 0 0.002
279 -4 0 0.001
279 -4 0 0.001
278 -4 0 0.001
278 -4 0 0.001
278 -4 0 0.001
278 -4 0 0.001
278 -4 0 0
277 -4 0 0.003
277 -4 0 0.001
277 -4 0 0.001
277 -4 0 0.001
276 -4 0 0.001
276 -4 0 0.001
276 -4 0 0.001
276 -4 0 0.001
276 -4 0 0
276 -4 0 0.001
275 -4 0 0.001
275 -4 0 0.001
275 -4 0 0.001
275 -4 0 0.002
274 -4 0 0.001
274 -4 0 0
274 -4 0 0.001
274 -4 0 0.001
274 -4 0 0.001
273 -4 0 0.002
273 -4 0 0.001
273 -3 0 0.001
273 -3 0 0.001
273 -3 0 0.001
272 -3 0 0.001
272 -3 0 0.001
272 -2 0 0.001
272 -2 0 0
272 -2 0 0.001
272 -2 0 0.001
271 -2 0 0.001
271 -2 0 0.001
271 -1 0 0.002
271 -1 0 0.001
270 -1 0 0.001
270 -1 0 0.001
270 -1 0 0
270 0 0 0.001
270 0 0 0.001
270 0 0 0.001
269 0 0 0.001
269 0 0 0.002
269 0 0 0.001
269 0 0 0.001
268 0 0 0.001
268 0 0 0.001
268 0 0 0
268 1 0 0.001
268 1 0 0.001
268 1 0 0.001
267 1 0 0.002
267 2 0 0.001
267 2 0 0.001
267 2 0 0.001
266 2 0 0.001
266 2 0 0.001
266 3 0 0.001
266 3 0 0.001
266 3 0 0.001
265 3 0 0.001
265 3 0 0
265 4 0 0.002
265 4 0 0.001
265 4 0 0.001
264 4 0 0.001
264 4 0 0.001
264 5 0 0.001
264 5 0 0.001
264 5 0 0.001
263 5 0 0.001
263 5 0 0.001
263 6 0 0.001
263 6 0 0.001
263 6 0 0.001
262 6 0 0.001
262 6 0 0.001
262 7 0 0.001
262 7 0 0.001
262 7 0 0.001
261 7 0 0.001
261 8 0 0.003
261 8 0 0.001
260 8 0 0.001
260 8 0 0.001
260 8 0 0
260 9 0 0.001
260 9 0 0.001
260 9 0 0.001
259 9 0 0.001
259 9 0 0.001
259 9 0 0
259 10 0 0.001
259 10 0 0.001
259 10 0 0.001
258 10 0 0.001
258 10 0 0.001
258 11 0 0.001
258 11 0 0.001
258 11 0 0.001
257 11 0 0.001
257 11 0 0.001
257 12 0 0.001
257 12 0 0.001
257 12 0 0.001
256 12 0 0.001
256 12 0 0.001
256 12 0 0
256 13 0 0.001
256 13 0 0.001
256 13 0 0
256 13 0 0.001
255 13 0 0.001
255 13 0 0.001
255 13 0 0
255 14 0 0.001
255 14 0 0.001
255 14 0 0.001
254 14 0 0.002
254 15 0 0.001
254 15 0 0.001
253 15 0 0.002
253 15 0 0.001
253 16 0 0.001
253 16 0 0.001
252 16 0 0.002
252 16 0 0.001
252 17 0 0.002
252 17 0 0.001
251 17 0 0.001
251 18 0 0.002
251 18 0 0.001
251 18 0 0.001
250 18 0 0.001
250 19 0 0.002
250 19 0 0.001
250 19 0 0.001
249 19 0 0.002
249 20 0 0.001
249 20 0 0.001
249 20 0 0.001
248 21 0 0.003
248 21 0 0.002
247 21 0 0.002
247 22 0 0.001
247 22 0 0.001
246 22 0 0.002
246 22 0 0.001
246 23 0 0.001
246 23 0 0.002
245 23 0 0.001
245 24 0 0.002
245 24 0 0.001
245 24 0 0.001
244 24 0 0.001
244 25 0 0.002
244 25 0 0.002
243 25 0 0.001
243 26 0 0.002
243 26 0 0.001
243 26 0 0.001
242 26 0 0.001
242 26 0 0.001
242 27 0 0.001
242 27 0 0.001
242 27 0 0.001
241 27 0 0.001
241 28 0 0.002
241 28 0 0.001
241 28 0 0.001
240 28 0 0.001
240 28 0 0
240 28 0 0.001
240 29 0 0.001
240 29 0 0.001
239 29 0 0.002
239 29 0 0.001
239 30 0 0.001
239 30 0 0.001
239 30 0 0.001
238 30 0 0.001
238 30 0 0.001
238 30 0 0
238 31 0 0.001
238 31 0 0.001
237 31 0 0.002
237 32 0 0.002
237 32 0 0.001
237 32 0 0.001
236 32 0 0.001
236 32 0 0.001
236 32 0 0
236 33 0 0.003
235 33 0 0.001
235 33 0 0.001
235 34 0 0.001
235 34 0 0.001
235 34 0 0.001
234 34 0 0.001
234 34 0 0
234 35 0 0.003
234 35 0 0
234 35 0 0.001
233 35 0 0.002
233 36 0 0.001
233 36 0 0.001
232 36 0 0.002
232 36 0 0.001
232 37 0 0.001
232 37 0 0.002
231 37 0 0.001
231 37 0 0.001
231 38 0 0.001
231 38 0 0.001
231 38 0 0.001
230 38 0 0.002
230 39 0 0.002
229 39 0 0.003
229 40 0 0.001
229 40 0 0.001
229 40 0 0
229 40 0 0.001
228 40 0 0.001
228 40 0 0.001
228 41 0 0.001
228 41 0 0
228 41 0 0.002
227 41 0 0.001
227 42 0 0.002
227 42 0 0.001
227 42 0 0.001
226 42 0 0.001
226 42 0 0.001
226 42 0 0
226 43 0 0.001
226 43 0 0.001
225 43 0 0.002
225 43 0 0.001
225 44 0 0.001
225 44 0 0.001
225 44 0 0.001
224 44 0 0.001
224 44 0 0.001
224 44 0 0
224 45 0 0.003
223 45 0 0.001
223 45 0 0.001
223 46 0 0.001
223 46 0 0.001
223 46 0 0.001
222 46 0 0.001
222 46 0 0.001
222 46 0 0
222 47 0 0.002
222 47 0 0.001
221 47 0 0.001
221 47 0 0
221 47 0 0.001
221 48 0 0.001
221 48 0 0.001
220 48 0 0.002
220 49 0 0.003
220 49 0 0.001
219 49 0 0.001
219 49 0 0.001
219 50 0 0.001
219 50 0 0.001
219 50 0 0.001
218 50 0 0.001
218 50 0 0.001
218 51 0 0.001
218 51 0 0.002
217 51 0 0.001
217 51 0 0.001
217 52 0 0.001
217 52 0 0.001
217 52 0 0.001
216 52 0 0.001
216 52 0 0.001
216 53 0 0.001
216 53 0 0.002
215 53 0 0.001
215 53 0 0.001
215 54 0 0.001
215 54 0 0.001
215 54 0 0
215 54 0 0.001
214 54 0 0.001
214 54 0 0.001
214 55 0 0.002
214 55 0 0.001
213 55 0 0.001
213 55 0 0.001
213 56 0 0.001
213 56 0 0.001
213 56 0 0.001
213 56 0 0
212 56 0 0.001
212 56 0 0.001
212 57 0 0.002
212 57 0 0.001
211 57 0 0.001
211 57 0 0.001
211 58 0 0.001
211 58 0 0.001
211 58 0 0.001
210 58 0 0.001
210 58 0 0.001
210 59 0 0.001
210 59 0 0.002
209 59 0 0.001
209 59 0 0.001
209 60 0 0.001
209 60 0 0.001
209 60 0 0
209 60 0 0.001
208 60 0 0.001
208 60 0 0.001
208 61 0 0.002
208 61 0 0.001
207 61 0 0.001
207 61 0 0
207 61 0 0.001
207 62 0 0.001
207 62 0 0.001
207 62 0 0.001
206 62 0 0.001
206 63 0 0.002
206 63 0 0
206 63 0 0.001
206 63 0 0.001
205 63 0 0.001
205 63 0 0.001
205 64 0 0.001
205 64 0 0
205 64 0 0.001
205 64 0 0.001
204 64 0 0.002
204 65 0 0.001
204 65 0 0.001
204 65 0 0.001
203 65 0 0.001
203 65 0 0
203 65 0 0.001
203 66 0 0.001
203 66 0 0.001
203 66 0 0.001
202 66 0 0.001
202 66 0 0.001
202 67 0 0.001
202 67 0 0.001
202 67 0 0.001
201 67 0 0.001
201 67 0 0.001
201 68 0 0.001
201 68 0 0.001
201 68 0 0.001
200 68 0 0.002
200 69 0 0.001
200 69 0 0.001
200 69 0 0.001
199 69 0 0.001
199 69 0 0.001
199 70 0 0.001
199 70 0 0
199 70 0 0.001
199 70 0 0.001
198 70 0 0.002
198 71 0 0.002
198 71 0 0
198 71 0 0.001
197 71 0 0.001
197 71 0 0.001
197 72 0 0.001
197 72 0 0.001
196 72 0 0.002
196 72 0 0.001
196 73 0 0.001
196 73 0 0.001
196 73 0 0
196 73 0 0.001
195 73 0 0.001
195 73 0 0.001
195 74 0 0.001
195 74 0 0
195 74 0 0.001
195 74 0 0.001
194 74 0 0.002
194 75 0 0.001
194 75 0 0
194 75 0 0.001
194 75 0 0.001
193 75 0 0.001
193 75 0 0.001
193 76 0 0.001
193 76 0 0.001
193 76 0 0.001
193 76 0 0
192 76 0 0.001
192 76 0 0.001
192 77 0 0.002
192 77 0 0.001
192 77 0 0
191 77 0 0.001
191 77 0 0.001
191 78 0 0.001
191 78 0 0.001
191 78 0 0.001
191 78 0 0
190 79 0 0.003
190 79 0 0.002
189 79 0 0.001
189 79 0 0
189 79 0 0.001
189 80 0 0.001
189 80 0 0.001
189 80 0 0.001
189 80 0 0
188 80 0 0.001
188 80 0 0.001
188 81 0 0.002
188 81 0 0.001
187 81 0 0.001
187 81 0 0.001
187 82 0 0.001
187 82 0 0
187 82 0 0.001
187 82 0 0.001
186 82 0 0.001
186 82 0 0.001
186 83 0 0.001
186 83 0 0.002
185 83 0 0.001
185 83 0 0
185 83 0 0.001
185 84 0 0.001
185 84 0 0.001
185 84 0 0.001
185 84 0 0
184 84 0 0.001
184 85 0 0.003
184 85 0 0.001
183 85 0 0.001
183 85 0 0.001
183 86 0 0.001
183 86 0 0.001
183 86 0 0.001
182 86 0 0.001
182 86 0 0.001
182 87 0 0.001
182 87 0 0.002
181 87 0 0.001
181 87 0 0.001
181 88 0 0.001
181 88 0 0.001
181 88 0 0.001
180 88 0 0.001
180 88 0 0.001
180 88 0 0
180 89 0 0.002
180 89 0 0.001
179 89 0 0.001
179 89 0 0.001
179 90 0 0.001
179 90 0 0.001
179 90 0 0.001
178 90 0 0.001
178 90 0 0.001
178 90 0 0
178 91 0 0.002
178 91 0 0.001
178 91 0 0
177 91 0 0.001
177 91 0 0.001
177 92 0 0.001
177 92 0 0.001
177 92 0 0.001
176 92 0 0.001
176 93 0 0.002
176 93 0 0.001
176 93 0 0
176 93 0 0.001
175 93 0 0.001
175 93 0 0.001
175 94 0 0.001
175 94 0 0.001
175 94 0 0.001
174 94 0 0.002
174 95 0 0.001
174 95 0 0.001
174 95 0 0
174 95 0 0.001
173 95 0 0.001
173 95 0 0.001
173 96 0 0.002
172 96 0 0.003
172 97 0 0.001
172 97 0 0.001
172 97 0 0.001
172 97 0 0
171 97 0 0.001
171 97 0 0.001
171 98 0 0.001
171 98 0 0.001
170 98 0 0.002
170 98 0 0.001
170 99 0 0.001
170 99 0 0.001
170 99 0 0.001
169 99 0 0.001
169 99 0 0
169 99 0 0.001
169 100 0 0.001
169 100 0 0
169 100 0 0.001
169 100 0 0.001
168 100 0 0.002
168 101 0 0.001
168 101 0 0.001
168 101 0 0.001
167 101 0 0.001
167 101 0 0
167 102 0 0.002
167 102 0 0.001
167 102 0 0.001
166 102 0 0.001
166 103 0 0.002
166 103 0 0.001
166 103 0 0.001
165 103 0 0.001
165 103 0 0.001
165 103 0 0
165 104 0 0.001
165 104 0 0.001
165 104 0 0.001
164 104 0 0.001
164 104 0 0.001
164 105 0 0.001
164 105 0 0.001
164 105 0 0.001
163 105 0 0.001
163 105 0 0.001
163 106 0 0.001
163 106 0 0
163 106 0 0.001
163 106 0 0.001
162 106 0 0.001
162 106 0 0.001
162 107 0 0.001
162 107 0 0.001
162 107 0 0.001
161 107 0 0.001
161 107 0 0.001
161 108 0 0.001
161 108 0 0.001
161 108 0 0.001
160 109 0 0.003
160 109 0 0.001
160 109 0 0.001
159 109 0 0.001
159 109 0 0.001
159 109 0 0
159 110 0 0.001
159 110 0 0.001
159 110 0 0.001
158 110 0 0.001
158 110 0 0.001
158 111 0 0.001
158 111 0 0.002
157 111 0 0.002
157 112 0 0.001
157 112 0 0.001
157 112 0 0.001
156 112 0 0.001
156 112 0 0.001
156 113 0 0.001
156 113 0 0.001
156 113 0 0.001
155 113 0 0.002
155 114 0 0.001
155 114 0 0.001
155 114 0 0
154 114 0 0.002
154 114 0 0.001
154 115 0 0.001
154 115 0 0.001
153 115 0 0.002
153 115 0 0.001
153 116 0 0.001
153 116 0 0
153 116 0 0.001
153 116 0 0.001
152 116 0 0.001
152 116 0 0.001
152 117 0 0.001
152 117 0 0.001
151 117 0 0.002
151 117 0 0
151 117 0 0.001
151 118 0 0.001
151 118 0 0.001
151 118 0 0
151 118 0 0.001
150 118 0 0.001
150 118 0 0.001
150 119 0 0.001
150 119 0 0.001
150 119 0 0.001
149 119 0 0.001
149 119 0 0.001
149 120 0 0.001
149 120 0 0.001
149 120 0 0.001
148 120 0 0.001
148 120 0 0.001
148 121 0 0.001
148 121 0 0.002
147 121 0 0.001
147 121 0 0.001
147 122 0 0.002
146 122 0 0.002
146 122 0 0.001
146 123 0 0.001
146 123 0 0.001
145 123 0 0.002
145 123 0 0.001
145 124 0 0.001
145 124 0 0.001
144 124 0 0.002
144 124 0 0.001
144 125 0 0.001
144 125 0 0.001
144 125 0 0.001
143 125 0 0.001
143 125 0 0.001
143 126 0 0.001
143 126 0 0.002
142 126 0 0.001
142 126 0 0.001
142 127 0 0.001
142 127 0 0.001
142 127 0 0.001
141 127 0 0.002
141 128 0 0.001
141 128 0 0.001
141 128 0 0.001
140 129 0 0.003
140 129 0 0.001
140 129 0 0.001
139 129 0 0.001
139 130 0 0.002
139 130 0 0.001
139 130 0 0.001
138 130 0 0.001
138 130 0 0.001
138 131 0 0.001
138 131 0 0.002
137 131 0 0.001
137 132 0 0.002
137 132 0 0.001
137 132 0 0.001
136 132 0 0.001
136 132 0 0.001
136 133 0 0.001
136 133 0 0.001
135 133 0 0.002
135 134 0 0.002
135 134 0 0.001
135 134 0 0.001
134 134 0 0.001
134 134 0 0.001
134 135 0 0.001
134 135 0 0.001
134 135 0 0.001
133 135 0 0.001
133 136 0 0.002
133 136 0 0.002
132 136 0 0.001
132 136 0 0.001
132 137 0 0.001
132 137 0 0.001
132 137 0 0.001
131 137 0 0.001
131 137 0 0.001
131 138 0 0.001
131 138 0 0.001
131 138 0 0.001
130 138 0 0.001
130 138 0 0.001
130 139 0 0.001
130 139 0 0.001
130 139 0 0
129 139 0 0.002
129 140 0 0.002
129 140 0 0
129 140 0 0.001
129 140 0 0.001
128 140 0 0.001
128 140 0 0.001
128 141 0 0.001
128 141 0 0.001
128 141 0 0.001
127 141 0 0.001
127 141 0 0.001
127 142 0 0.001
127 142 0 0.001
127 142 0 0.001
126 142 0 0.001
126 142 0 0.001
126 143 0 0.001
126 143 0 0.001
126 143 0 0.001
125 143 0 0.002
125 143 0 0
125 144 0 0.001
125 144 0 0.001
125 144 0 0.001
124 144 0 0.001
124 144 0 0.001
124 144 0 0
124 145 0 0.001
124 145 0 0.001
124 145 0 0.001
123 146 0 0.003
123 146 0 0.001
123 146 0 0.001
122 146 0 0.001
122 146 0 0.001
122 147 0 0.001
122 147 0 0.001
122 147 0 0
121 147 0 0.003
121 148 0 0.001
121 148 0 0.001
121 148 0 0
121 148 0 0.001
120 148 0 0.001
120 148 0 0.001
120 149 0 0.001
120 149 0 0.001
120 149 0 0.001
119 149 0 0.001
119 149 0 0.001
119 150 0 0.001
119 150 0 0.001
119 150 0 0.001
118 150 0 0.001
118 150 0 0.001
118 151 0 0.001
118 151 0 0.001
118 151 0 0.001
118 151 0 0
117 152 0 0.003
117 152 0 0.002
116 152 0 0.001
116 152 0 0.001
116 153 0 0.002
116 153 0 0.001
115 153 0 0.001
115 153 0 0.001
115 154 0 0.002
115 154 0 0.001
114 154 0 0.001
114 154 0 0.001
114 155 0 0.001
114 155 0 0.001
114 155 0 0.001
113 155 0 0.002
113 156 0 0.002
113 156 0 0.001
113 156 0 0.001
113 156 0 0.001
113 157 0 0.001
113 157 0 0.001
113 157 0 0
113 157 0 0.001
113 158 0 0.003
113 158 0 0.001
113 158 0 0.001
113 158 0 0.001
113 158 0 0.001
113 159 0 0.001
113 159 0 0.001
113 159 0 0.001
113 159 0 0.001
113 159 0 0.001
113 160 0 0.002
113 160 0 0.001
113 160 0 0.001
113 160 0 0.001
113 161 0 0.001
113 161 0 0
113 161 0 0.001
113 161 0 0.001
113 161 0 0.001
113 161 0 0.001
113 162 0 0.002
113 162 0 0.001
113 162 0 0.001
113 162 0 0
113 162 0 0.001
113 163 0 0.001
113 163 0 0.001
113 163 0 0.001
113 163 0 0.001
113 163 0 0.001
113 163 0 0
113 164 0 0.003
113 164 0 0.001
113 165 0 0.002
113 165 0 0.001
113 165 0 0.001
113 165 0 0.001
113 165 0 0.001
113 165 0 0
113 166 0 0.002
113 166 0 0.001
113 166 0 0.001
113 167 0 0.002
113 167 0 0.001
113 167 0 0.001
113 167 0 0.001
113 167 0 0.001
113 168 0 0.002
113 168 0 0.001
113 168 0 0.001
113 168 0 0.001
113 169 0 0.001
113 169 0 0.004
113 170 0 0.001
113 170 0 0.001
113 170 0 0.001
113 170 0 0.002
113 171 0 0.001
113 171 0 0.001
113 171 0 0.001
113 171 0 0.001
113 172 0 0.002
113 172 0 0.001
113 172 0 0.003
113 173 0 0.002
113 173 0 0.001
113 173 0 0.001
113 173 0 0.001
113 174 0 0.001
113 174 0 0.002
113 174 0 0.001
113 174 0 0.001
113 175 0 0.001
113 175 0 0.001
113 175 0 0.002
113 175 0 0.001
113 176 0 0.001
113 176 0 0.003
113 177 0 0.003
113 177 0 0.002
113 178 0 0.002
113 178 0 0.001
113 178 0 0.001
113 178 0 0.001
113 179 0 0.002
113 179 0 0.001
113 179 0 0.001
113 179 0 0.001
113 179 0 0.001
113 180 0 0.001
113 180 0 0.001
113 180 0 0.002
113 181 0 0.003
113 181 0 0.001
113 181 0 0.001
113 181 0 0.001
113 182 0 0.001
113 182 0 0.001
113 182 0 0.001
113 182 0 0.001
113 183 0 0.004
113 184 0 0.003
113 184 0 0.002
113 184 0 0.001
113 184 0 0
113 184 0 0.001
113 185 0 0.001
113 185 0 0.001
113 185 0 0.001
113 185 0 0.002
113 186 0 0.001
113 186 0 0.001
113 186 0 0.003
113 187 0 0.001
113 187 0 0.001
113 187 0 0.001
113 187 0 0.001
113 188 0 0.002
113 188 0 0.001
113 188 0 0.001
113 188 0 0.001
113 188 0 0.001
113 189 0 0.002
113 189 0 0.001
113 190 0 0.003
113 190 0 0.003
113 190 0 0.001
113 191 0 0.001
113 191 0 0.001
113 191 0 0.001
113 191 0 0.001
113 191 0 0.001
113 192 0 0.001
113 192 0 0.002
113 192 0 0.001
113 192 0 0.001
113 193 0 0.003
113 193 0 0.001
113 194 0 0.003
113 194 0 0.001
113 194 0 0.001
113 194 0 0.001
113 195 0 0.001
113 195 0 0.001
113 195 0 0.001
113 195 0 0.002
113 196 0 0.003
113 196 0 0.001
113 196 0 0.001
113 197 0 0.001
113 197 0 0.001
113 197 0 0.001
113 197 0 0.001
113 197 0 0.001
113 198 0 0.002
113 198 0 0.001
113 198 0 0.001
113 198 0 0.001
113 199 0 0.002
113 199 0 0.003
113 200 0 0.001
113 200 0 0.002
113 200 0 0.001
113 200 0 0.001
113 201 0 0.002
113 201 0 0.001
113 201 0 0.001
113 201 0 0.001
113 202 0 0.001
113 202 0 0.002
113 202 0 0.001
113 203 0 0.002
113 203 0 0.002
113 203 0 0.001
113 204 0 0.002
113 204 0 0.001
113 204 0 0.002
113 205 0 0.002
113 205 0 0.001
113 205 0 0.001
113 205 0 0.002
113 206 0 0.001
113 206 0 0.001
113 206 0 0.001
113 206 0 0.002
113 207 0 0.003
113 207 0 0.001
113 207 0 0.001
113 208 0 0.001
113 208 0 0.002
113 208 0 0.002
113 209 0 0.001
113 209 0 0.001
113 209 0 0.001
113 209 0 0.001
113 210 0 0.002
113 210 0 0.001
113 210 0 0.001
113 210 0 0.001
113 211 0 0.002
113 211 0 0.001
113 211 0 0.002
113 211 0 0.001
113 212 0 0.001
113 212 0 0.001
113 212 0 0.001
113 213 0 0.003
113 213 0 0.002
113 213 0 0.001
113 214 0 0.002
113 214 0 0.001
113 214 0 0.001
113 214 0 0.002
113 215 0 0.002
113 215 0 0.001
113 215 0 0.002
113 216 0 0.001
113 216 0 0.001
113 216 0 0.001
113 216 0 0.001
113 217 0 0.003
113 217 0 0.001
113 217 0 0.001
113 217 0 0.001
113 218 0 0.002
113 218 0 0
113 218 0 0.002
113 218 0 0.001
113 219 0 0.001
113 219 0 0.001
113 219 0 0.002
113 219 0 0.001
113 220 0 0.001
113 220 0 0.002
113 220 0 0.001
113 221 0 0.003
113 221 0 0.001
113 221 0 0.001
113 221 0 0.001
113 222 0 0.001
113 222 0 0.001
113 222 0 0.001
113 223 0 0.003
113 223 0 0.003
113 223 0 0.001
113 224 0 0.001
113 224 0 0
113 224 0 0.001
113 224 0 0.001
113 224 0 0.001
113 224 0 0.001
113 225 0 0.003
113 225 0 0.002
113 226 0 0.001
113 226 0 0.001
113 226 0 0.002
113 226 0 0.001
113 227 0 0.001
113 227 0 0.002
113 227 0 0.001
113 228 0 0.002
113 228 0 0.001
113 228 0 0.001
113 228 0 0.002
113 229 0 0.002
113 229 0 0.002
113 229 0 0.001
113 230 0 0.001
113 230 0 0.001
113 230 0 0.001
113 230 0 0.002
113 231 0 0.001
113 231 0 0.002
113 232 0 0.003
113 232 0 0.001
113 232 0 0.001
113 232 0 0.001
113 233 0 0.003
113 233 0 0.001
113 233 0 0.002
113 234 0 0.001
113 234 0 0.002
113 234 0 0.001
113 234 0 0.001
113 235 0 0.002
113 235 0 0.001
113 235 0 0.001
113 235 0 0.001
113 236 0 0.004
113 237 0 0.002
113 237 0 0.001
113 237 0 0.002
113 237 0 0.001
113 238 0 0.001
113 238 0 0.001
113 238 0 0.002
113 239 0 0.002
113 239 0 0.001
113 239 0 0.003
113 240 0 0.001
113 240 0 0.002
113 240 0 0.002
113 241 0 0.002
113 241 0 0.001
113 241 0 0.001
113 241 0 0.001
113 242 0 0.001
113 242 0 0.001
113 243 0 0.004
113 243 0 0.002
113 243 0 0.001
113 243 0 0.001
113 244 0 0.001
113 244 0 0.002
113 244 0 0.001
113 244 0 0.001
113 245 0 0.002
113 245 0 0.001
113 245 0 0.001
113 246 0 0.002
113 246 0 0.003
113 247 0 0.002
113 247 0 0.001
113 247 0 0.001
113 247 0 0.002
113 248 0 0.001
113 248 0 0.001
113 248 0 0.002
113 248 0 0.001
113 249 0 0.001
113 249 0 0.002
113 249 0 0.001
113 250 0 0.004
113 250 0 0.001
113 250 0 0.001
113 251 0 0.002
113 251 0 0.001
113 251 0 0.002
113 252 0 0.001
113 252 0 0.002
113 252 0 0.001
113 253 0 0.003
113 253 0 0.002
113 253 0 0.001
113 254 0 0.001
113 254 0 0.002
113 254 0 0.001
113 254 0 0.001
113 255 0 0.002
113 255 0 0.001
113 255 0 0.002
113 256 0 0.004
113 256 0 0.001
113 257 0 0.001
113 257 0 0.002
113 257 0 0.001
113 257 0 0.001
113 258 0 0.003
113 258 0 0.002
113 259 0 0.002
113 259 0 0.002
113 259 0 0.001
113 260 0 0.001
113 260 0 0.001
113 260 0 0.001
113 260 0 0.002
113 261 0 0.001
113 261 0 0.003
113 262 0 0.002
113 262 0 0.002
113 262 0 0.002
113 263 0 0.001
113 263 0 0.001
113 263 0 0.001
113 263 0 0.002
113 264 0 0.001
113 264 0 0.001
113 264 0 0.002
113 265 0 0.002
113 265 0 0.001
113 265 0 0.001
113 265 0 0.002
113 266 0 0.001
113 266 0 0.004
113 267 0 0.001
113 267 0 0.002
113 267 0 0.001
113 267 0 0.001
113 268 0 0.001
113 268 0 0.002
113 268 0 0.001
113 268 0 0.001
113 269 0 0.002
113 270 0 0.004
113 270 0 0.001
113 270 0 0.001
113 270 0 0.002
113 271 0 0.002
113 271 0 0.001
113 271 0 0.002
113 271 0 0
113 272 0 0.001
113 272 0 0.002
113 273 0 0.003
113 273 0 0.002
113 273 0 0.002
113 274 0 0.001
113 274 0 0.001
113 274 0 0.001
113 274 0 0.001
113 275 0 0.002
113 275 0 0.001
113 275 0 0.001
113 275 0 0.002
113 276 0 0.004
113 277 0 0.002
113 277 0 0.001
113 277 0 0.001
113 277 0 0.001
113 277 0 0.001
113 278 0 0.002
113 278 0 0.002
113 278 0 0.001
113 279 0 0.001
113 279 0 0.001
113 280 0 0.004
113 280 0 0.001
113 280 0 0.002
113 280 0 0.001
113 281 0 0.001
113 281 1 0.002
113 281 1 0.001
113 282 1 0.001
113 282 1 0.002
113 283 1 0.001
113 284 1 0.004
113 284 1 0.002
113 285 1 0.001
113 285 1 0.002
113 286 1 0.002
113 286 1 0.001
113 287 1 0.001
113 287 1 0.001
113 287 1 0.001
113 287 1 0.001
113 289 1 0.004
113 289 1 0.001
113 289 1 0.001
113 290 1 0.001
113 290 1 0.002
113 290 1 0.001
113 291 1 0.002
113 291 1 0.001
113 292 1 0.001
113 292 1 0.002
113 293 1 0.001
113 293 1 0.001
113 294 1 0.005
113 295 1 0.001
113 295 1 0.002
113 296 1 0.001
113 296 1 0.001
113 296 1 0.001
113 297 1 0.002
113 297 1 0.001
113 297 1 0.001
113 298 1 0.002
113 299 1 0.003
113 299 1 0.002
113 300 1 0.001
113 300 1 0.002
113 301 1 0.001
113 301 1 0.001
113 302 1 0.002
113 302 1 0.001
113 302 1 0.001
113 303 1 0.002
113 304 1 0.003
113 304 1 0.002
113 305 1 0.001
113 305 1 0.001
113 305 1 0.002
113 306 1 0.001
113 306 1 0.001
113 307 1 0.002
113 307 1 0.001
113 308 1 0.002
113 308 1 0.001
113 309 1 0.004
113 309 1 0.001
113 310 1 0.003
113 311 1 0.001
113 311 1 0.001
113 311 1 0.001
113 311 1 0.001
113 312 1 0.001
113 312 1 0.002
113 313 1 0.001
113 313 1 0.002
113 314 1 0.003
113 314 1 0.001
113 315 1 0.002
113 315 1 0.001
113 316 1 0.001
113 316 1 0.002
113 317 1 0.001
113 317 1 0.001
113 317 1 0.002
113 318 1 0.001
113 319 1 0.004
113 320 1 0.002
113 320 1 0.001
113 320 1 0.001
113 321 1 0.002
113 321 1 0.001
113 321 1 0.001
113 323 1 0.004
113 323 1 0.001
113 323 1 0.001
113 324 1 0.002
113 324 1 0.002
113 325 1 0.001
113 325 1 0.001
113 326 1 0.002
113 326 1 0.001
113 326 1 0.001
113 327 1 0.002
113 327 1 0.001
113 327 1 0.001
113 329 1 0.004
113 329 1 0.002
113 330 1 0.002
113 330 1 0
113 330 1 0.001
113 331 1 0.002
113 331 1 0.001
113 331 1 0.001
113 332 1 0.002
113 332 1 0.001
113 333 1 0.002
113 333 1 0.002
113 334 1 0.003
113 335 1 0.001
113 335 1 0.001
113 335 1 0.002
113 336 1 0.001
113 336 1 0.001
113 337 1 0.002
113 337 1 0.001
113 338 1 0.002
113 338 1 0.001
113 338 1 0.001
113 339 1 0.004
113 340 1 0.002
113 340 1 0.001
113 341 1 0.002
113 341 1 0.001
113 341 1 0.001
113 342 1 0.001
113 342 1 0.001
113 343 1 0.002
113 344 1 0.004
113 344 1 0.001
113 345 1 0.002
113 345 1 0.001
113 346 1 0.002
113 346 1 0.001
113 346 1 0.001
113 347 1 0.001
113 347 1 0.002
113 347 1 0.001
113 348 1 0.001
113 349 1 0.004
113 350 1 0.002
113 350 1 0.002
113 350 1 0.001
113 351 1 0.001
113 351 1 0.001
113 351 1 0.001
113 352 1 0.003
113 353 1 0.001
113 353 1 0.001
113 354 1 0.003
113 354 1 0.002
113 355 1 0.001
113 355 1 0.001
113 356 1 0.002
113 356 1 0.001
113 356 1 0.002
113 357 1 0.001
113 357 1 0.001
113 358 1 0.002
113 359 1 0.003
113 359 1 0.001
113 360 1 0.003
113 360 1 0.001
113 360 1 0
113 361 1 0.002
113 361 1 0.001
113 362 1 0.002
113 362 1 0.003
113 363 1 0.002
113 364 1 0.003
113 365 1 0.002
113 365 1 0.002
113 366 1 0.002
113 366 1 0.001
113 366 1 0.001
113 367 1 0.002
113 367 1 0.001
113 368 1 0.001
113 368 1 0.002
113 369 1 0.004
113 371 1 0.004
113 371 1 0.002
113 371 1 0.001
113 372 1 0.001
113 372 1 0.002
113 373 1 0.002
113 373 1 0.001
113 374 1 0.002
113 374 1 0.001
113 375 1 0.002
113 375 1 0.001
113 375 1 0.001
113 376 1 0.002
113 376 1 0.001
113 377 1 0.002
113 377 1 0.001
113 378 1 0.002
113 378 1 0.001
113 378 1 0.001
113 379 1 0.002
113 379 1 0.001
113 380 1 0.002
113 380 1 0.002
113 381 1 0.001
113 382 1 0.003
113 382 1 0.001
113 382 1 0.001
113 383 1 0.002
113 383 1 0.001
113 384 1 0.002
113 384 1 0.002
113 385 1 0.001
113 385 1 0.001
113 386 1 0.003
113 386 1 0.001
113 387 1 0.002
113 387 1 0.001
113 388 1 0.002
113 388 1 0.001
113 388 1 0.001
113 389 1 0.002
113 389 1 0.001
113 390 1 0.002
113 390 1 0.002
113 391 1 0.001
113 391 1 0.001
113 391 1 0.001
113 392 1 0.002
113 392 1 0.001
113 392 1 0.001
113 393 1 0.002
113 394 1 0.004
113 395 1 0.001
113 395 1 0.002
113 395 1 0.001
113 396 1 0.003
113 397 1 0.002
113 397 1 0.001
113 398 1 0.002
113 398 1 0.001
113 398 1 0.001
113 399 1 0.002
113 400 1 0.002
113 400 1 0.001
113 400 1 0.001
113 401 1 0.001
113 401 1 0.002
113 401 1 0.001
113 402 1 0.002
113 402 1 0.001
113 403 1 0.001
113 403 1 0.002
113 404 1 0.004
113 405 1 0.002
113 405 1 0.001
113 406 1 0.001
113 406 1 0.001
113 407 1 0.002
113 407 1 0.001
113 407 1 0.001
113 408 1 0.002
113 409 1 0.003
113 409 1 0.002
113 410 1 0.001
113 410 1 0.001
113 410 1 0.001
113 411 1 0.002
113 411 1 0.001
113 412 1 0.002
113 412 1 0.001
113 413 1 0.002
113 413 1 0.001
113 413 1 0.001
113 414 1 0.004
113 415 1 0.002
113 415 1 0.001
113 416 1 0.001
113 416 1 0.001
113 416 1 0.002
113 417 1 0.001
113 417 1 0.001
113 418 1 0.002
113 419 1 0.004
113 419 1 0.001
113 419 1 0.001
113 420 1 0.002
113 420 1 0.001
113 421 1 0.001
113 421 1 0.001
113 422 1 0.002
113 422 1 0.001
113 422 1 0.002
113 423 1 0.001
113 424 1 0.004
113 425 1 0.002
113 425 1 0.001
113 425 1 0.001
113 425 1 0.001
113 426 1 0.001
113 426 1 0.002
113 427 1 0.001
113 428 1 0.003
113 428 1 0.002
113 429 1 0.002
113 429 1 0.001
113 429 1 0.001
113 430 1 0.001
113 430 1 0.002
113 431 1 0.002
113 431 1 0.001
113 431 1 0.001
113 432 1 0.001
113 432 1 0.002
113 433 1 0.001
113 434 1 0.004
113 434 1 0.001
113 435 1 0.002
113 435 1 0.001
113 435 1 0.001
113 436 1 0.002
113 436 1 0.001
113 437 1 0.001
113 437 1 0.002
113 437 1 0.001
113 438 1 0.002
113 439 1 0.003
113 439 1 0.001
113 440 1 0.002
113 440 1 0.001
113 440 1 0.001
113 441 1 0.002
113 441 1 0.001
113 442 1 0.001
113 442 1 0.002
113 443 1 0.001
113 444 1 0.004
113 444 1 0.002
113 445 1 0.002
113 445 1 0.001
113 446 1 0.001
113 446 1 0.001
113 446 1 0.001
113 446 1 0.001
113 447 1 0.002
113 447 1 0.001
113 448 1 0.002
113 448 1 0.001
113 449 1 0.003
113 450 1 0.002
113 450 1 0.001
113 451 1 0.002
113 451 1 0.001
113 451 1 0.001
113 452 1 0.002
113 452 1 0.001
113 452 1 0.001
113 453 1 0.002
113 454 1 0.003
113 455 1 0.002
113 455 1 0.001
113 455 1 0.001
113 456 1 0.002
113 456 1 0.001
113 457 1 0.002
113 457 1 0.001
113 458 1 0.002
113 458 1 0.003
113 459 1 0.001
113 459 1 0.002
113 460 1 0.001
113 460 1 0.001
113 461 1 0.002
113 461 1 0.001
113 461 1 0.001
113 462 1 0.002
113 462 1 0.001
113 463 1 0.002
113 463 1 0.001
113 464 1 0.004
113 464 1 0.001
113 465 1 0.002
113 465 1 0.001
113 466 1 0.001
113 466 1 0.001
113 467 1 0.002
113 467 1 0.001
113 467 1 0.002
113 468 1 0.002
113 469 1 0.003
113 469 1 0.001
113 470 1 0.002
113 470 1 0.001
113 470 1 0.001
113 471 1 0.001
113 472 1 0.003
113 472 1 0.001
113 473 1 0.002
113 473 1 0.001
113 474 1 0.003
113 474 1 0.002
113 475 1 0.001
113 475 1 0.001
113 476 1 0.002
113 476 1 0.002
113 476 1 0.001
113 477 1 0.002
113 477 1 0.001
113 478 1 0.001
113 478 1 0.001
113 479 1 0.004
113 480 1 0.002
113 480 1 0.001
113 480 1 0.001
113 481 1 0.001
113 481 1 0.002
113 482 1 0.001
113 482 1 0.002
113 482 1 0.001
113 483 1 0.003
113 484 1 0.002
113 485 1 0.002
113 485 1 0.001
113 485 1 0.001
113 486 1 0.002
113 486 1 0.001
113 486 1 0.001
113 487 1 0.002
113 487 1 0.001
113 488 1 0.001
113 488 1 0.002
113 489 1 0.003
113 490 1 0.002
113 490 1 0.002
113 491 1 0.001
113 491 1 0.002
113 491 1 0.001
113 492 1 0.001
113 492 1 0.001
113 493 1 0.002
113 493 1 0.002
113 494 1 0.003
113 494 1 0.001
113 495 1 0.001
113 495 1 0.002
113 496 1 0.001
113 496 1 0.001
113 497 1 0.002
113 497 1 0.001
113 497 1 0.002
113 498 1 0.003
113 499 1 0.001
113 499 1 0.002
113 500 1 0.001
113 500 1 0.002
113 500 1 0.001
113 501 1 0.001
113 502 1 0.003
113 502 1 0.001
113 503 1 0.005
113 504 1 0.002
113 505 1 0.002
113 505 1 0.001
113 506 1 0.003
113 506 1 0.002
113 507 1 0.001
113 507 1 0.001
113 508 1 0.002
113 509 1 0.003
113 509 1 0.001
113 510 1 0.003
113 510 1 0.001
113 511 1 0.003
113 512 1 0.002
113 512 1 0.002
113 513 1 0.002
113 513 1 0.001
113 514 1 0.002
113 514 1 0.001
113 515 1 0.002
113 515 1 0.001
113 515 1 0.002
113 516 1 0.001
113 516 1 0.002
113 517 1 0.002
113 518 1 0.002
113 518 1 0.001
113 519 1 0.003
113 520 1 0.003
113 520 1 0.001
113 520 1 0.001
113 521 1 0.001
113 521 1 0.002
113 521 1 0.001
113 522 1 0.003
113 523 1 0.001
113 523 1 0.002
113 524 1 0.001
113 524 1 0.002
113 524 1 0.001
113 525 1 0.002
113 525 1 0.001
113 526 1 0.002
113 527 1 0.002
113 527 1 0.002
113 528 1 0.002
113 528 1 0.002
113 529 1 0.003
113 530 1 0.002
113 530 1 0.001
113 531 1 0.002
113 531 1 0.002
113 532 1 0.001
113 532 1 0.002
113 533 1 0.002
113 533 1 0.002
113 534 1 0.002
113 534 1 0.001
113 535 1 0.001
113 535 1 0.002
113 536 1 0.004
113 537 1 0.002
113 538 1 0.002
113 538 1 0.002
113 539 1 0.002
113 539 1 0.001
113 540 1 0.002
113 540 1 0.001
113 541 1 0.002
113 542 1 0.003
113 542 1 0.002
113 543 1 0.002
113 543 1 0.002
113 544 1 0.001
113 544 1 0.002
113 545 1 0.001
113 545 1 0.002
113 545 1 0.001
113 546 1 0.003
113 547 1 0.001
113 547 1 0.002
113 548 1 0.002
113 549 1 0.004
113 550 1 0.002
113 551 1 0.003
113 551 1 0.001
113 551 1 0.001
113 551 1 0.001
113 552 1 0.001
113 552 1 0.002
113 553 1 0.001
113 553 1 0.001
113 554 1 0.002
113 555 1 0.004
113 555 1 0.002
113 556 1 0.002
113 557 1 0.002
113 557 1 0.001
113 558 1 0.004
113 558 1 0.001
113 559 1 0.001
113 559 1 0.002
113 560 1 0.001
113 560 1 0.002
113 560 1 0.001
113 561 1 0.002
113 561 1 0.001
113 562 1 0.002
113 563 1 0.002
113 563 1 0.001
113 563 1 0.002
113 565 1 0.004
113 565 1 0.002
113 566 1 0.003
113 566 1 0.001
113 567 1 0.001
113 567 1 0.001
113 567 1 0.001
113 568 1 0.002
113 569 1 0.004
113 570 1 0.002
113 570 1 0.001
113 571 1 0.002
113 571 1 0.001
113 572 1 0.002
113 572 1 0.002
113 573 1 0.003
113 573 1 0.001
113 575 1 0.004
113 575 1 0.001
113 575 1 0.002
113 576 1 0.001
113 576 1 0.002
113 577 1 0.001
113 577 1 0.002
113 578 1 0.001
113 578 1 0.001
113 579 1 0.004
113 580 1 0.002
113 580 1 0.001
114 581 1 0.002
115 581 1 0.002
115 582 1 0.002
116 582 1 0.001
116 582 1 0.001
116 583 1 0.001
116 583 1 0.001
117 584 1 0.002
118 585 1 0.004
119 585 1 0.002
119 586 1 0.001
120 586 1 0.002
120 587 1 0.001
121 587 1 0.002
121 587 1 0.001
122 588 1 0.002
123 589 1 0.004
123 590 1 0.002
124 590 1 0.001
124 591 1 0.002
125 591 1 0.001
125 592 1 0.002
126 592 1 0.002
126 593 1 0.001
127 593 1 0.002
128 594 1 0.004
128 595 1 0.002
129 595 1 0.001
129 596 1 0.002
130 596 1 0.001
130 597 1 0.002
131 597 1 0.002
131 598 1 0.001
132 598 1 0.002
133 599 1 0.004
133 600 1 0.001
134 600 1 0.002
134 601 1 0.001
135 601 1 0.002
135 602 1 0.002
136 602 1 0.002
136 603 1 0.001
137 603 1 0.001
138 605 1 0.005
139 605 1 0.002
140 606 1 0.003
140 606 1 0.001
140 607 1 0.001
140 607 1 0.001
141 607 1 0.001
142 609 1 0.005
143 609 1 0.001
143 610 1 0.002
143 610 1 0.001
144 610 1 0.001
144 611 1 0.002
145 611 1 0.001
145 611 1 0.001
146 612 1 0.002
146 612 1 0.001
146 613 1 0.001
147 614 1 0.004
148 614 1 0.002
148 615 1 0.001
149 615 1 0.001
149 616 1 0.002
149 616 1 0.001
150 616 1 0.001
150 617 1 0.002
151 617 1 0.002
151 618 1 0.001
152 619 1 0.003
152 619 1 0.001
153 620 1 0.002
153 620 1 0.001
154 620 1 0.002
154 621 1 0.001
155 621 1 0.002
155 622 1 0.001
155 622 1 0.001
156 622 1 0.001
156 623 1 0.001
158 624 1 0.005
158 624 1 0.001
158 625 1 0.002
159 625 1 0.001
159 626 1 0.001
159 626 1 0.001
160 626 1 0.002
160 627 1 0.001
161 627 1 0.001
161 628 1 0.002
162 629 1 0.003
163 629 1 0.002
163 629 1 0.001
164 630 1 0.002
164 630 1 0.001
164 631 1 0.001
164 631 1 0.001
165 632 1 0.002
165 632 1 0.001
166 632 1 0.001
167 633 1 0.003
167 634 1 0.003
168 634 1 0.001
168 635 1 0.002
169 635 1 0.001
169 635 1 0.001
170 636 1 0.002
170 637 1 0.002
170 637 1 0.001
171 637 1 0.001
171 638 1 0.001
172 638 1 0.002
173 639 1 0.003
173 640 1 0.002
173 640 1 0.001
174 641 1 0.002
174 641 1 0.001
175 641 1 0.001
175 641 1 0.001
175 642 1 0.001
176 642 1 0.002
176 643 1 0.001
177 644 1 0.004
178 644 1 0.001
178 645 1 0.002
179 645 1 0.001
179 645 1 0.001
179 646 1 0.002
180 646 1 0.001
180 647 1 0.002
181 647 1 0.001
181 648 1 0.002
182 648 1 0.001
182 648 1 0.001
183 649 1 0.003
183 650 1 0.002
184 650 1 0.001
184 651 1 0.002
185 651 1 0.001
185 651 1 0.001
185 652 1 0.001
186 652 1 0.002
186 653 1 0.001
186 653 1 0.001
187 653 1 0.002
188 655 1 0.004
189 655 1 0.002
189 656 1 0.001
189 656 1 0.001
190 656 1 0.001
190 656 1 0.001
191 657 1 0.002
191 657 1 0.001
191 658 1 0.001
192 659 1 0.004
193 659 1 0.001
193 659 1 0.001
194 660 1 0.002
194 660 1 0.001
194 661 1 0.002
195 661 1 0.001
195 662 1 0.001
196 662 1 0.002
196 662 1 0.001
197 663 1 0.003
197 664 1 0.002
198 665 1 0.002
198 665 1 0.001
199 665 1 0.001
199 665 1 0.001
200 666 1 0.002
200 666 1 0.001
200 667 1 0.002
201 667 1 0.001
201 668 1 0.002
202 668 1 0.002
203 669 1 0.002
203 670 1 0.002
203 670 1 0.001
204 670 1 0.001
204 671 1 0.001
205 671 1 0.002
205 671 1 0.001
206 672 1 0.002
206 673 1 0.002
206 673 1 0.001
207 674 1 0.002
207 674 1 0.001
208 675 1 0.003
209 675 1 0.001
209 675 1 0.001
209 676 1 0.002
210 676 1 0.001
210 677 1 0.001
211 677 1 0.002
211 677 1 0.001
212 678 1 0.002
212 679 1 0.003
213 679 1 0.001
213 680 1 0.002
214 680 1 0.001
214 680 1 0.001
215 681 1 0.002
215 681 1 0.001
215 682 1 0.002
216 682 1 0.001
216 683 1 0.001
216 683 1 0.001
217 683 1 0.002
218 685 1 0.004
218 685 1 0.001
219 685 1 0.001
219 686 1 0.002
220 686 1 0.001
220 687 1 0.002
221 687 1 0.001
221 688 1 0.002
222 688 1 0.002
222 689 1 0.002
223 689 1 0.001
223 690 1 0.002
224 690 1 0.002
224 691 1 0.001
224 691 1 0.001
225 692 1 0.002
226 692 1 0.002
226 692 1 0.001
227 693 1 0.002
227 693 1 0.001
227 694 1 0.002
228 695 1 0.002
229 695 1 0.002
229 695 1 0.001
229 696 1 0.001
230 696 1 0.002
230 697 1 0.002
231 697 1 0.001
231 698 1 0.002
233 699 1 0.004
233 700 1 0.002
233 700 1 0.001
234 700 1 0.001
234 701 1 0.002
235 701 1 0.002
235 702 1 0.001
236 702 1 0.002
236 703 1 0.002
238 704 1 0.004
238 704 1 0.001
239 705 1 0.002
239 705 1 0.001
239 706 1 0.002
240 706 1 0.001
240 707 1 0.002
241 708 1 0.003
242 708 1 0.001
242 709 1 0.003
243 710 1 0.002
243 710 1 0.001
244 710 1 0.001
244 711 1 0.002
245 712 1 0.003
245 712 1 0.001
246 712 1 0.001
246 713 1 0.002
248 714 1 0.004
248 715 1 0.002
248 715 1 0.001
249 716 1 0.002
250 716 1 0.002
250 716 1 0.001
251 717 1 0.002
251 717 1 0.001
252 719 1 0.004
253 719 1 0.002
253 719 1 0.001
254 720 1 0.002
254 721 1 0.002
254 721 1 0.001
255 722 1 0.002
255 722 1 0.001
256 722 1 0.002
256 723 1 0.001
258 724 1 0.005
258 725 1 0.001
259 725 1 0.002
259 725 1 0.001
260 726 1 0.002
260 726 1 0.001
260 727 1 0.002
261 727 1 0.001
261 728 1 0.002
263 729 1 0.004
263 729 1 0.001
263 730 1 0.002
264 731 1 0.002
264 731 1 0.001
265 731 1 0.002
265 732 1 0.001
266 733 1 0.003
266 733 1 0.001
268 734 1 0.004
268 734 1 0.001
269 735 1 0.002
269 735 1 0.001
269 736 1 0.002
270 736 1 0.001
270 737 1 0.002
271 737 1 0.002
271 738 1 0.001
272 739 1 0.004
273 740 1 0.002
274 740 1 0.002
274 741 1 0.002
275 741 1 0.002
275 742 1 0.001
275 742 1 0.001
276 743 1 0.002
277 743 1 0.002
277 744 1 0.002
278 744 1 0.001
279 745 1 0.004
279 746 1 0.002
280 746 1 0.001
280 747 1 0.002
281 747 1 0.002
281 748 1 0.002
282 748 1 0.001
283 749 1 0.003
283 750 1 0.002
284 750 1 0.001
284 750 1 0.001
284 751 1 0.002
285 752 1 0.002
286 752 1 0.003
287 753 1 0.002
287 753 1 0.001
288 754 1 0.003
288 755 1 0.001
289 755 1 0.002
289 755 1 0.001
290 756 1 0.002
290 756 1 0.001
290 757 1 0.002
291 757 1 0.001
291 758 1 0.002
292 758 1 0.001
293 759 1 0.004
294 760 1 0.003
294 761 1 0.002
295 761 1 0.002
295 762 1 0.001
296 762 1 0.001
296 763 1 0.002
297 763 1 0.002
298 764 1 0.003
298 764 1 0.001
299 765 1 0.002
299 765 1 0.001
299 766 1 0.002
300 766 1 0.001
300 767 1 0.002
301 767 1 0.002
302 768 1 0.002
302 769 1 0.002
303 770 1 0.003
303 770 1 0.001
304 770 1 0.002
304 771 1 0.001
305 771 1 0.002
305 772 1 0.002
306 772 1 0.001
306 773 1 0.002
307 773 1 0.002
308 775 1 0.004
309 775 1 0.002
309 776 1 0.001
310 776 1 0.002
310 776 1 0.001
311 777 1 0.002
311 778 1 0.002
312 779 1 0.004
313 779 1 0.001
313 780 1 0.002
314 780 1 0.001
314 781 1 0.002
314 781 1 0.001
315 782 1 0.002
315 782 1 0.001
316 782 1 0.002
316 783 1 0.001
317 783 1 0.002
318 785 1 0.004
319 785 1 0.002
319 785 1 0.001
320 786 1 0.003
320 787 1 0.001
320 787 1 0.001
321 788 1 0.002
321 788 1 0.001
323 789 1 0.004
323 790 1 0.002
324 790 1 0.002
324 791 1 0.002
325 791 1 0.001
325 791 1 0.001
326 792 1 0.002
326 792 1 0.001
326 793 1 0.002
328 794 1 0.004
328 795 1 0.002
329 795 1 0.001
329 796 1 0.002
330 796 1 0.002
330 797 1 0.001
330 797 1 0.001
331 797 1 0.002
332 799 1 0.004
333 799 1 0.002
333 800 1 0.002
334 800 1 0.001
334 800 1 0.001
335 801 1 0.002
335 802 1 0.002
335 802 1 0.001
336 803 1 0.002
336 803 1 0.001
337 803 1 0.002
338 805 1 0.004
339 805 1 0.002
339 806 1 0.002
340 806 1 0.001
340 806 1 0.001
341 807 1 0.002
341 807 1 0.001
342 809 1 0.005
343 809 1 0.001
343 810 1 0.002
344 810 1 0.001
344 811 1 0.002
344 811 1 0.001
345 812 1 0.002
345 812 1 0.001
346 812 1 0.002
347 814 1 0.005
348 814 1 0.001
348 815 1 0.002
349 815 1 0.001
349 816 1 0.002
350 816 1 0.001
350 817 1 0.002
351 817 1 0.002
351 818 1 0.001
352 818 1 0.002
353 819 1 0.004
353 820 1 0.001
354 820 1 0.002
354 821 1 0.002
355 821 1 0.001
355 822 1 0.002
356 822 1 0.001
356 823 1 0.002
356 823 1 0.001
357 824 1 0.002
358 825 1 0.004
359 825 1 0.002
359 825 1 0.001
360 825 1 0.002
360 825 1 0.001
361 825 1 0.002
361 825 1 0.001
362 825 1 0.002
363 825 1 0.004
363 825 1 0.002
364 825 1 0.001
364 825 1 0.002
365 825 1 0.001
365 825 1 0.002
366 825 1 0.002
366 825 1 0.001
367 825 1 0.002
367 825 1 0.002
368 825 1 0.004
369 825 1 0.001
369 825 1 0.002
370 825 1 0.001
370 825 1 0.002
371 825 1 0.001
371 825 1 0.002
371 825 1 0.001
373 825 1 0.005
373 825 1 0.001
374 825 1 0.002
374 825 1 0.001
375 825 1 0.002
375 825 1 0.001
376 825 1 0.002
376 825 1 0.001
377 825 1 0.005
378 825 1 0.002
378 825 1 0.001
379 825 1 0.002
379 825 1 0.001
380 825 1 0.002
380 825 1 0.001
381 825 1 0.002
382 825 1 0.003
382 825 1 0.002
383 825 1 0.002
383 825 1 0.001
384 825 1 0.002
384 825 1 0.002
385 825 1 0.001
385 825 1 0.002
386 825 1 0.001
386 825 1 0.002
387 825 1 0.004
388 825 1 0.001
388 825 1 0.002
389 825 1 0.002
389 825 1 0.001
391 825 1 0.006
392 825 1 0.002
392 825 1 0.002
393 825 1 0.002
393 825 1 0.002
394 825 1 0.002
395 825 1 0.002
395 825 1 0.003
396 825 1 0.003
397 825 1 0.002
398 825 1 0.002
398 825 1 0.002
399 825 1 0.002
399 825 1 0.002
400 825 1 0.002
400 825 1 0.001
402 825 1 0.005
402 825 1 0.002
403 825 1 0.002
404 825 1 0.002
404 825 1 0.002
405 825 1 0.002
405 825 1 0.002
406 825 1 0.002
407 825 1 0.002
408 825 1 0.004
408 825 1 0.002
410 825 1 0.005
410 825 1 0.001
411 825 1 0.002
411 825 1 0.001
412 825 1 0.002
412 825 1 0.001
413 825 1 0.002
413 825 1 0.002
413 825 1 0.001
414 825 1 0.001
414 825 1 0.002
415 825 1 0.001
415 825 1 0.002
416 825 1 0.001
416 825 1 0.002
417 825 1 0.004
418 825 1 0.002
418 825 1 0.001
419 825 1 0.002
419 825 1 0.001
420 825 1 0.002
420 825 1 0.001
421 825 1 0.002
421 825 1 0.001
422 825 1 0.002
423 825 1 0.004
423 825 1 0.002
424 825 1 0.001
424 825 1 0.002
425 825 1 0.001
425 825 1 0.002
425 825 1 0.001
426 825 1 0.002
428 825 1 0.005
428 825 1 0.001
428 825 1 0.002
429 825 1 0.001
429 825 1 0.002
430 825 1 0.001
430 825 1 0.002
431 825 1 0.001
431 825 1 0.002
432 825 1 0.004
433 825 1 0.002
434 825 1 0.002
434 825 1 0.001
434 825 1 0.001
435 825 1 0.002
435 825 1 0.002
436 825 1 0.001
436 825 1 0.001
437 825 1 0.002
437 825 1 0.001
438 825 1 0.005
443 825 1 0.015
444 825 1 0.003
444 825 1 0.001
445 825 1 0.002
445 825 1 0.001
446 825 1 0.002
446 825 1 0.002
446 825 1 0.001
447 825 1 0.001
447 825 1 0.002
448 825 1 0.002
449 825 1 0.002
449 825 1 0.001
449 825 1 0.001
449 825 1 0.001
450 825 1 0.002
451 825 1 0.002
451 825 1 0.002
452 825 1 0.001
453 825 1 0.004
453 825 1 0.001
454 825 1 0.002
454 825 1 0.001
455 825 1 0.002
455 825 1 0.002
456 825 1 0.002
456 825 1 0.002
457 825 1 0.001
457 825 1 0.001
458 825 1 0.004
459 825 1 0.002
459 825 1 0.001
460 825 1 0.002
460 825 1 0.001
461 825 1 0.002
461 825 1 0.002
461 825 1 0.001
463 825 1 0.004
463 825 1 0.002
464 825 1 0.001
464 825 1 0.002
464 825 1 0.001
465 825 1 0.002
466 825 1 0.002
466 825 1 0.001
467 825 1 0.002
468 825 1 0.004
468 825 1 0.002
469 825 1 0.001
469 825 1 0.002
470 825 1 0.001
470 825 1 0.003
471 825 1 0.002
471 825 1 0.001
472 825 1 0.003
473 825 1 0.001
473 825 1 0.002
474 825 1 0.002
474 825 1 0.001
475 825 1 0.002
475 825 1 0.001
476 825 1 0.002
476 825 1 0.001
476 825 1 0.002
478 825 1 0.004
479 825 1 0.003
479 825 1 0.001
479 825 1 0.001
480 825 1 0.002
481 825 1 0.004
482 825 1 0.002
482 825 1 0.001
482 825 1 0.001
482 825 1 0.001
483 825 1 0.002
483 825 1 0.001
484 825 1 0.002
485 825 1 0.002
485 825 1 0.001
485 825 1 0.002
486 825 1 0.001
486 825 1 0.002
488 825 1 0.004
488 825 1 0.002
488 825 1 0.001
489 825 1 0.002
490 825 1 0.002
490 825 1 0.001
491 825 1 0.002
491 825 1 0.002
491 825 1 0.001
492 825 1 0.001
493 825 1 0.004
493 825 1 0.001
494 825 1 0.002
494 825 1 0.001
495 825 1 0.002
495 825 1 0.001
496 825 1 0.002
496 825 1 0.001
497 825 1 0.002
498 825 1 0.005
499 825 1 0.002
499 825 1 0.002
500 825 1 0.001
500 825 1 0.001
500 825 1 0.001
501 825 1 0.002
501 825 1 0.002
503 825 1 0.004
503 825 1 0.001
503 825 1 0.002
504 825 1 0.001
504 825 1 0.002
505 825 1 0.001
505 825 1 0.002
506 825 1 0.002
506 825 1 0.001
508 825 1 0.005
508 825 1 0.002
509 825 1 0.002
509 825 1 0.001
509 825 1 0.001
510 825 1 0.001
510 825 1 0.002
511 825 1 0.001
511 825 1 0.002
512 825 1 0.004
513 825 1 0.001
513 825 1 0.002
514 825 1 0.001
514 825 1 0.002
515 825 1 0.002
515 825 1 0.001
516 825 1 0.002
517 825 1 0.003
517 825 1 0.001
518 825 1 0.004
518 825 1 0.001
519 825 1 0.002
519 825 1 0.001
520 825 1 0.002
520 825 1 0.001
521 825 1 0.002
521 825 1 0.002
523 825 1 0.004
523 825 1 0.001
524 825 1 0.002
524 825 1 0.001
524 825 1 0.002
525 825 1 0.001
525 825 1 0.002
526 825 1 0.002
526 825 1 0.001
528 825 1 0.005
528 825 1 0.001
529 825 1 0.002
529 825 1 0.001
530 825 1 0.002
530 825 1 0.001
531 825 1 0.003
531 825 1 0.001
531 825 1 0.001
532 825 1 0.001
533 825 1 0.004
533 825 1 0.002
534 825 1 0.001
534 825 1 0.002
535 825 1 0.002
535 825 1 0.001
536 825 1 0.002
536 825 1 0.001
537 825 1 0.002
538 825 1 0.004
539 825 1 0.003
539 825 1 0.001
539 825 1 0.001
540 825 1 0.001
540 825 1 0.002
541 825 1 0.001
541 825 1 0.002
543 825 1 0.005
543 825 1 0.001
543 825 1 0.001
544 825 1 0.002
544 825 1 0.001
545 825 1 0.002
545 825 1 0.002
546 825 1 0.003
547 825 1 0.002
548 825 1 0.002
548 825 1 0.002
548 825 1 0.001
549 825 1 0.002
549 825 1 0.001
550 825 1 0.002
551 825 1 0.002
551 825 1 0.002
552 825 1 0.003
553 825 1 0.002
553 825 1 0.002
554 825 1 0.001
554 825 1 0.001
554 825 1 0.002
555 825 1 0.003
556 825 1 0.002
556 825 1 0.001
557 825 1 0.002
557 825 1 0.001
558 825 1 0.003
558 825 1 0.001
559 825 1 0.002
560 825 1 0.002
560 825 1 0.001
560 825 1 0.002
561 825 1 0.002
561 825 1 0.001
563 825 1 0.004
563 825 1 0.001
563 825 1 0.002
564 825 1 0.002
565 825 1 0.003
566 825 1 0.003
566 825 1 0.001
567 825 1 0.002
567 825 1 0.001
567 825 1 0.001
568 825 1 0.002
568 825 1 0.001
569 825 1 0.002
569 825 1 0.001
570 825 1 0.002
570 825 1 0.001
571 825 1 0.002
571 825 1 0.002
572 825 1 0.002
573 825 1 0.003
574 825 1 0.003
574 825 1 0.002
575 825 1 0.001
575 825 1 0.001
575 825 1 0.001
576 825 1 0.002
576 825 1 0.001
578 825 1 0.005
578 825 1 0.002
578 825 1 0.001
579 825 1 0.002
579 825 1 0.001
580 825 1 0.002
581 825 1 0.002
581 825 1 0.002
582 825 1 0.003
583 825 1 0.002
583 825 1 0.002
584 825 1 0.001
584 825 1 0.002
584 825 1 0.001
585 825 1 0.001
585 825 1 0.002
586 825 1 0.002
586 825 1 0.001
587 825 1 0.002
588 825 1 0.004
589 825 1 0.002
589 825 1 0.001
590 825 1 0.002
590 825 1 0.001
590 825 1 0.002
591 825 1 0.001
591 825 1 0.002
593 825 1 0.004
593 825 1 0.002
594 825 1 0.002
594 825 1 0.001
594 825 1 0.001
595 825 1 0.002
595 825 1 0.001
596 825 1 0.002
596 825 1 0.002
598 825 1 0.004
599 825 1 0.003
599 825 1 0.002
599 825 1 0.001
600 825 1 0.001
600 825 1 0.002
601 825 1 0.002
602 825 1 0.002
603 825 1 0.004
603 825 1 0.001
604 825 1 0.002
604 825 1 0.001
604 825 1 0.001
605 825 1 0.002
605 825 1 0.001
605 825 1 0.001
606 825 1 0.002
607 825 1 0.002
608 825 1 0.004
608 825 1 0.001
609 825 1 0.002
609 825 1 0.001
610 825 1 0.002
610 825 1 0.001
611 825 1 0.003
611 825 1 0.002
612 825 1 0.001
613 825 1 0.004
613 825 1 0.001
614 825 1 0.002
614 825 1 0.001
615 825 1 0.002
615 825 1 0.001
616 825 1 0.002
616 825 1 0.001
617 825 1 0.002
617 825 1 0.001
618 825 1 0.004
619 825 1 0.002
619 825 1 0.002
620 825 1 0.001
620 825 1 0.002
621 825 1 0.004
622 825 1 0.001
622 825 1 0.002
623 825 1 0.001
623 825 1 0.002
623 825 1 0.001
624 825 1 0.002
624 825 1 0.001
625 825 1 0.002
626 825 1 0.002
626 825 1 0.001
627 825 1 0.005
628 825 1 0.001
628 825 1 0.002
629 825 1 0.002
629 825 1 0.001
630 825 1 0.003
631 825 1 0.002
631 825 1 0.002
632 825 1 0.001
632 825 1 0.001
633 825 1 0.003
633 825 1 0.001
634 825 1 0.002
634 825 1 0.002
635 825 1 0.001
635 825 1 0.001
635 825 1 0.002
636 825 1 0.001
636 825 1 0.002
638 825 1 0.004
638 825 1 0.002
639 825 1 0.002
639 825 1 0.001
640 825 1 0.002
640 825 1 0.001
641 825 1 0.002
641 825 1 0.001
642 825 1 0.005
643 825 1 0.002
643 825 1 0.001
644 825 1 0.002
644 825 1 0.001
644 825 1 0.001
645 825 1 0.002
645 825 1 0.001
646 825 1 0.002
647 825 1 0.002
648 825 1 0.004
648 825 1 0.001
649 825 1 0.002
649 825 1 0.002
650 825 1 0.001
650 825 1 0.001
650 825 1 0.002
651 825 1 0.002
652 825 1 0.004
653 825 1 0.001
653 825 1 0.002
654 825 1 0.002
654 825 1 0.001
654 825 1 0.001
655 825 1 0.002
656 825 1 0.003
656 825 1 0.001
657 825 1 0.003
657 825 1 0.001
658 825 1 0.003
659 825 1 0.002
659 825 1 0.001
659 825 1 0.001
660 825 1 0.002
660 825 1 0.001
661 825 1 0.002
661 825 1 0.001
663 825 1 0.005
663 825 1 0.001
664 825 1 0.003
665 825 1 0.002
665 825 1 0.001
665 825 1 0.001
665 825 1 0.001
666 825 1 0.002
667 825 1 0.005
668 825 1 0.002
668 825 1 0.001
669 825 1 0.003
670 825 1 0.001
670 825 1 0.002
670 825 1 0.001
671 825 1 0.001
671 825 1 0.002
673 825 1 0.004
673 825 1 0.002
674 825 1 0.002
674 825 1 0.001
675 825 1 0.002
675 825 1 0.001
676 825 1 0.002
676 825 1 0.002
676 825 1 0.001
677 825 1 0.002
678 825 1 0.004
679 825 1 0.001
679 825 1 0.003
680 825 1 0.001
680 825 1 0.002
681 825 1 0.001
681 825 1 0.002
682 825 1 0.002
683 825 1 0.003
683 825 1 0.001
684 825 1 0.002
684 825 1 0.002
685 825 1 0.001
685 825 1 0.002
686 825 1 0.002
686 825 1 0.002
687 825 1 0.002
688 825 1 0.002
688 825 1 0.002
688 825 1 0.001
689 825 1 0.003
690 825 1 0.002
690 825 1 0.001
691 825 1 0.001
691 825 1 0.002
692 825 1 0.003
693 825 1 0.002
693 825 1 0.001
694 825 1 0.003
694 825 1 0.002
695 825 1 0.001
695 825 1 0.001
696 825 1 0.002
696 825 1 0.002
697 825 1 0.001
698 825 1 0.004
698 825 1 0.001
699 825 1 0.003
699 825 1 0.001
700 825 1 0.001
700 825 1 0.001
700 825 1 0.002
701 825 1 0.001
701 825 1 0.002
703 825 1 0.004
703 825 1 0.002
704 825 1 0.002
704 825 1 0.001
705 825 1 0.002
705 825 1 0.002
706 825 1 0.001
706 825 1 0.002
707 825 1 0.002
708 825 1 0.003
709 825 1 0.003
709 825 1 0.002
709 825 1 0.001
710 825 1 0.001
710 825 1 0.002
711 825 1 0.001
711 825 1 0.001
712 825 1 0.002
713 825 1 0.004
713 825 1 0.002
714 825 1 0.002
714 825 1 0.001
715 825 1 0.001
715 825 1 0.002
715 825 1 0.001
716 825 1 0.002
717 825 1 0.002
718 825 1 0.004
719 825 1 0.003
719 825 1 0.001
720 825 1 0.002
720 825 1 0.002
721 825 1 0.002
721 825 1 0.002
722 825 1 0.001
722 825 1 0.002
723 825 1 0.001
724 823 1 0.004
725 822 1 0.005
726 822 1 0.001
726 821 1 0.001
727 821 1 0.002
727 820 1 0.001
728 819 1 0.003
728 819 1 0.001
729 819 1 0.002
730 818 1 0.003
730 817 1 0.001
730 817 1 0.001
730 817 1 0.001
731 816 1 0.002
732 816 1 0.002
733 814 1 0.004
733 814 1 0.001
734 813 1 0.002
734 813 1 0.001
735 812 1 0.003
735 812 1 0.001
736 811 1 0.002
736 811 1 0.001
737 810 1 0.002
738 809 1 0.004
739 809 1 0.002
739 808 1 0.001
739 808 1 0.002
740 807 1 0.002
740 807 1 0.001
741 807 1 0.001
741 806 1 0.002
742 805 1 0.002
743 804 1 0.004
743 804 1 0.001
744 803 1 0.003
745 803 1 0.001
745 802 1 0.001
745 802 1 0.001
746 801 1 0.002
746 801 1 0.001
748 800 1 0.005
748 799 1 0.001
748 799 1 0.002
749 798 1 0.001
749 798 1 0.002
750 798 1 0.001
750 797 1 0.002
751 796 1 0.002
751 796 1 0.001
752 795 1 0.004
753 794 1 0.003
754 793 1 0.002
754 793 1 0.001
755 792 1 0.002
755 792 1 0.001
755 792 1 0.001
756 791 1 0.002
757 791 1 0.002
757 790 1 0.001
758 789 1 0.003
758 789 1 0.002
759 788 1 0.002
760 788 1 0.002
760 787 1 0.001
760 787 1 0.002
761 786 1 0.001
761 786 1 0.001
762 786 1 0.002
763 785 1 0.003
763 784 1 0.002
764 783 1 0.002
764 783 1 0.002
765 783 1 0.001
765 782 1 0.002
766 782 1 0.001
766 781 1 0.002
766 781 1 0.001
767 780 1 0.002
768 779 1 0.004
769 778 1 0.002
769 778 1 0.001
770 777 1 0.002
770 777 1 0.001
771 777 1 0.002
771 776 1 0.001
772 775 1 0.005
773 774 1 0.001
773 774 1 0.002
774 774 1 0.001
774 773 1 0.002
775 773 1 0.001
775 772 1 0.002
776 771 1 0.002
776 771 1 0.001
778 770 1 0.005
778 769 1 0.002
778 769 1 0.001
779 768 1 0.002
779 768 1 0.001
780 767 1 0.002
780 767 1 0.001
781 766 1 0.002
781 766 1 0.002
782 765 1 0.003
783 764 1 0.002
783 764 1 0.001
784 763 1 0.002
784 763 1 0.002
785 762 1 0.001
785 762 1 0.002
786 761 1 0.002
787 761 1 0.002
787 760 1 0.003
788 759 1 0.002
788 759 1 0.001
789 758 1 0.002
789 758 1 0.001
790 757 1 0.002
790 757 1 0.001
791 756 1 0.002
791 756 1 0.001
792 756 1 0.002
793 754 1 0.004
793 754 1 0.001
794 753 1 0.003
794 753 1 0.001
795 752 1 0.002
795 752 1 0.001
796 751 1 0.002
796 751 1 0.001
797 750 1 0.002
797 750 1 0.001
798 749 1 0.004
799 748 1 0.002
800 747 1 0.003
800 747 1 0.001
801 747 1 0.002
801 746 1 0.002
802 746 1 0.001
802 745 1 0.003
803 744 1 0.001
803 744 1 0.002
804 743 1 0.002
805 743 1 0.002
805 742 1 0.001
805 742 1 0.001
806 741 1 0.002
806 741 1 0.001
807 741 1 0.002
808 739 1 0.004
809 738 1 0.003
809 738 1 0.002
810 738 1 0.001
810 737 1 0.002
811 737 1 0.001
811 736 1 0.002
811 736 1 0.001
812 735 1 0.001
813 734 1 0.004
813 734 1 0.001
814 733 1 0.002
814 733 1 0.001
815 732 1 0.002
815 732 1 0.001
816 732 1 0.002
816 731 1 0.002
817 730 1 0.004
818 729 1 0.003
819 729 1 0.001
819 728 1 0.001
820 728 1 0.002
820 727 1 0.001
820 727 1 0.002
821 726 1 0.001
822 726 1 0.003
823 725 1 0.003
823 724 1 0.001
823 724 1 0.002
824 723 1 0.001
824 723 1 0.002
825 723 1 0.001
826 722 1 0.003
826 721 1 0.002
826 721 1 0.001
827 720 1 0.001
828 719 1 0.004
829 719 1 0.002
829 718 1 0.001
829 718 1 0.002
830 717 1 0.001
830 717 1 0.002
831 717 1 0.001
832 715 1 0.005
832 715 1 0.001
833 714 1 0.002
833 714 1 0.001
834 713 1 0.003
835 713 1 0.001
835 712 1 0.001
835 712 1 0.002
836 711 1 0.001
836 711 1 0.002
838 710 1 0.004
838 709 1 0.002
838 709 1 0.001
839 708 1 0.002
840 708 1 0.002
840 707 1 0.001
840 707 1 0.001
841 706 1 0.002
842 705 1 0.004
843 705 1 0.002
843 704 1 0.001
844 704 1 0.002
844 703 1 0.002
844 703 1 0.001
845 702 1 0.002
845 702 1 0.001
846 701 1 0.002
846 701 1 0.001
848 699 1 0.005
848 699 1 0.002
849 698 1 0.002
849 698 1 0.001
850 698 1 0.001
850 697 1 0.002
850 697 1 0.001
851 696 1 0.001
852 695 1 0.004
853 695 1 0.002
853 694 1 0.001
853 694 1 0.002
854 693 1 0.001
854 693 1 0.002
855 693 1 0.001
855 692 1 0.002
856 691 1 0.002
856 691 1 0.001
857 690 1 0.004
858 689 1 0.002
859 689 1 0.002
859 688 1 0.001
860 687 1 0.003
860 687 1 0.001
860 687 1 0.001
861 686 1 0.002
861 686 1 0.001
862 686 1 0.001
863 684 1 0.004
863 684 1 0.002
864 683 1 0.002
864 683 1 0.001
865 683 1 0.001
865 682 1 0.002
866 681 1 0.002
866 681 1 0.002
867 680 1 0.003
868 679 1 0.002
868 679 1 0.001
869 678 1 0.002
870 678 1 0.003
870 677 1 0.001
871 677 1 0.002
871 676 1 0.001
871 676 1 0.002
872 675 1 0.002
873 675 1 0.002
873 674 1 0.002
874 673 1 0.002
874 673 1 0.002
875 672 1 0.002
876 672 1 0.002
877 670 1 0.004
877 670 1 0.002
878 669 1 0.001
878 669 1 0.002
879 669 1 0.001
879 668 1 0.002
880 668 1 0.001
880 667 1 0.002
881 666 1 0.002
881 666 1 0.002
882 665 1 0.002
882 665 1 0.001
883 664 1 0.002
883 664 1 0.001
883 664 1 0.001
884 663 1 0.002
884 663 1 0.001
885 662 1 0.002
885 662 1 0.001
886 661 1 0.002
886 661 1 0.002
887 660 1 0.003
888 659 1 0.002
889 659 1 0.002
889 658 1 0.002
890 657 1 0.003
891 657 1 0.002
891 656 1 0.002
892 655 1 0.002
892 655 1 0.001
892 655 1 0.001
893 654 1 0.002
893 654 1 0.002
893 653 1 0.003
893 652 1 0.002
893 652 1 0.001
893 651 1 0.002
893 651 1 0.001
893 651 1 0.001
893 650 1 0.003
893 649 1 0.003
893 648 1 0.002
893 648 1 0.001
893 648 1 0.001
893 647 1 0.001
893 647 1 0.002
893 646 1 0.001
893 646 1 0.001
893 645 1 0.004
893 644 1 0.002
893 644 1 0.002
893 643 1 0.002
893 643 1 0.001
893 642 1 0.001
893 642 1 0.002
893 642 1 0.001
893 641 1 0.002
893 640 1 0.004
893 639 1 0.001
893 639 1 0.002
893 639 1 0.001
893 638 1 0.002
893 638 1 0.001
893 637 1 0.002
893 637 1 0.001
893 636 1 0.002
893 635 1 0.004
893 634 1 0.002
893 634 1 0.001
893 633 1 0.002
893 633 1 0.001
893 633 1 0.002
893 632 1 0.001
893 632 1 0.002
893 631 1 0.002
893 630 1 0.004
893 629 1 0.002
893 629 1 0.001
893 628 1 0.002
893 628 1 0.001
893 627 1 0.002
893 627 1 0.001
893 627 1 0.002
893 626 1 0.001
893 625 1 0.005
893 624 1 0.001
893 624 1 0.002
893 624 1 0.001
893 623 1 0.002
893 623 1 0.001
893 622 1 0.002
893 622 1 0.001
893 621 1 0.002
893 620 1 0.004
893 619 1 0.002
893 619 1 0.001
893 618 1 0.002
893 618 1 0.002
893 618 1 0.001
893 617 1 0.002
893 617 1 0.001
893 616 1 0.002
893 615 1 0.002
893 615 1 0.003
893 614 1 0.002
893 614 1 0.001
893 613 1 0.002
893 613 1 0.001
893 612 1 0.002
893 612 1 0.002
893 611 1 0.001
893 611 1 0.002
893 609 1 0.004
893 609 1 0.002
893 609 1 0.001
893 608 1 0.002
893 608 1 0.001
893 607 1 0.002
893 606 1 0.002
893 606 1 0.001
893 606 1 0.002
893 604 1 0.004
893 604 1 0.001
893 603 1 0.002
893 603 1 0.001
893 603 1 0.002
893 602 1 0.001
893 602 1 0.002
893 601 1 0.002
893 601 1 0.001
893 599 1 0.005
893 599 1 0.001
893 598 1 0.002
893 598 1 0.001
893 597 1 0.002
893 597 1 0.002
893 597 1 0.001
893 596 1 0.001
893 596 1 0.002
893 594 1 0.004
893 594 1 0.002
893 594 1 0.001
893 593 1 0.002
893 593 1 0.001
893 592 1 0.002
893 592 1 0.001
893 591 1 0.002
893 591 1 0.002
893 589 1 0.004
893 589 1 0.001
893 588 1 0.002
893 588 1 0.001
893 588 1 0.002
893 587 1 0.002
893 587 1 0.001
893 586 1 0.002
893 586 1 0.001
893 585 1 0.004
893 584 1 0.002
893 584 1 0.001
893 583 1 0.002
893 583 1 0.001
893 582 1 0.002
893 582 1 0.002
893 581 1 0.001
893 580 1 0.005
893 579 1 0.001
893 579 1 0.002
893 578 1 0.002
893 578 1 0.001
893 577 1 0.002
893 577 1 0.001
893 573 1 0.015
893 572 1 0.002
893 572 1 0.001
893 571 1 0.002
893 571 1 0.001
893 570 1 0.002
893 570 1 0.001
893 569 1 0.003
893 569 1 0.001
893 568 1 0.002
893 567 1 0.002
893 567 1 0.001
893 567 1 0.002
893 566 1 0.001
893 565 1 0.004
893 564 1 0.002
893 564 1 0.001
893 564 1 0.002
893 563 1 0.002
893 563 1 0.001
893 562 1 0.002
893 562 1 0.001
893 561 1 0.002
893 561 1 0.001
893 560 1 0.002
893 559 1 0.004
893 558 1 0.002
893 558 1 0.001
893 558 1 0.002
893 557 1 0.001
893 557 1 0.002
893 556 1 0.001
893 555 1 0.005
893 555 1 0.001
893 554 1 0.002
893 554 1 0.001
893 553 1 0.002
893 553 1 0.001
893 552 1 0.002
893 552 1 0.002
893 551 1 0.001
893 551 1 0.002
893 550 1 0.001
893 549 1 0.005
893 549 1 0.001
893 548 1 0.002
893 548 1 0.001
893 547 1 0.002
893 547 1 0.001
893 546 1 0.002
893 545 1 0.004
893 545 1 0.001
893 544 1 0.002
893 543 1 0.002
893 543 1 0.001
893 543 1 0.002
893 542 1 0.001
893 542 1 0.002
893 541 1 0.001
893 541 1 0.002
893 540 1 0.004
893 539 1 0.002
893 539 1 0.001
893 538 1 0.002
893 538 1 0.001
893 537 1 0.002
893 537 1 0.001
893 536 1 0.002
893 535 1 0.004
893 535 1 0.001
893 534 1 0.002
893 534 1 0.002
893 533 1 0.001
893 533 1 0.002
893 532 1 0.001
893 532 1 0.002
893 531 1 0.002
893 531 1 0.002
893 530 1 0.003
893 529 1 0.002
893 529 1 0.001
893 528 1 0.002
893 528 1 0.002
893 527 1 0.001
893 527 1 0.002
893 526 1 0.001
893 525 1 0.004
893 525 1 0.002
893 524 1 0.002
893 524 1 0.001
893 523 1 0.003
893 522 1 0.001
893 522 1 0.002
893 521 1 0.002
893 521 1 0.001
893 520 1 0.002
893 520 1 0.001
893 519 1 0.003
893 519 1 0.001
893 518 1 0.002
893 518 1 0.002
893 517 1 0.001
893 517 1 0.001
893 516 1 0.002
893 516 1 0.002
893 515 1 0.003
893 514 1 0.002
893 514 1 0.002
893 513 1 0.001
893 513 1 0.002
893 513 1 0.001
893 512 1 0.002
893 511 1 0.002
893 511 1 0.002
893 510 1 0.003
893 509 1 0.002
893 509 1 0.001
893 508 1 0.002
893 507 1 0.003
893 507 1 0.002
893 506 1 0.002
893 506 1 0.001
893 506 1 0.001
893 505 1 0.003
893 504 1 0.001
893 504 1 0.002
893 504 1 0.001
893 503 1 0.002
893 503 1 0.001
893 502 1 0.003
893 501 1 0.002
893 501 1 0.002
893 500 1 0.001
893 500 1 0.001
893 499 1 0.003
893 498 1 0.002
893 498 1 0.001
893 498 1 0.002
893 497 1 0.002
893 497 1 0.001
893 496 1 0.002
893 495 1 0.002
893 494 1 0.004
893 494 1 0.001
893 493 1 0.003
893 493 1 0.001
893 492 1 0.001
893 492 1 0.002
893 492 1 0.001
893 491 1 0.002
893 490 1 0.004
893 489 1 0.001
893 489 1 0.002
893 489 1 0.001
893 488 1 0.002
893 487 1 0.002
893 487 1 0.001
893 486 1 0.002
893 486 1 0.002
893 485 1 0.003
893 484 1 0.002
893 484 1 0.001
893 483 1 0.003
893 483 1 0.001
893 483 1 0.001
893 482 1 0.002
893 482 1 0.001
893 481 1 0.002
893 480 1 0.004
893 480 1 0.001
893 479 1 0.002
893 478 1 0.002
893 478 1 0.001
893 477 1 0.002
893 477 1 0.001
893 477 1 0.002
893 476 1 0.001
893 475 1 0.004
893 474 1 0.003
893 474 1 0.001
893 474 1 0.001
893 473 1 0.001
893 473 1 0.002
893 472 1 0.002
893 472 1 0.001
893 471 1 0.002
893 471 1 0.001
893 469 1 0.005
893 469 1 0.001
893 468 1 0.002
893 468 1 0.001
893 468 1 0.002
893 467 1 0.001
893 467 1 0.002
893 466 1 0.002
893 465 1 0.002
893 465 1 0.003
893 464 1 0.002
893 463 1 0.002
893 463 1 0.001
893 463 1 0.001
893 462 1 0.002
893 462 1 0.002
893 461 1 0.001
893 460 1 0.004
893 459 1 0.002
893 459 1 0.001
893 459 1 0.002
893 458 1 0.001
893 458 1 0.002
893 457 1 0.002
893 457 1 0.001
893 456 1 0.002
893 456 1 0.001
893 455 1 0.004
893 454 1 0.002
893 453 1 0.002
893 453 1 0.001
893 453 1 0.002
893 452 1 0.001
893 452 1 0.002
893 451 1 0.001
893 450 1 0.005
893 450 1 0.001
893 449 1 0.002
893 449 1 0.001
893 448 1 0.002
893 447 1 0.002
893 447 1 0.002
893 446 1 0.002
893 446 1 0.001
893 445 1 0.003
893 444 1 0.002
893 444 1 0.001
893 444 1 0.002
893 443 1 0.001
893 443 1 0.002
893 442 1 0.001
893 442 1 0.002
893 441 1 0.002
893 441 1 0.002
893 440 1 0.003
893 439 1 0.002
893 438 1 0.002
893 438 1 0.001
893 438 1 0.002
893 437 1 0.002
893 437 1 0.001
893 436 1 0.002
893 435 1 0.003
893 435 1 0.002
893 434 1 0.001
893 434 1 0.002
893 433 1 0.001
893 433 1 0.002
893 432 1 0.002
893 432 1 0.001
893 432 1 0.001
893 431 1 0.002
893 430 1 0.002
893 429 1 0.004
893 429 1 0.002
893 428 1 0.001
893 427 1 0.003
893 427 1 0.001
893 427 1 0.001
893 426 1 0.002
893 426 1 0.002
893 425 1 0.001
893 424 1 0.003
893 424 1 0.002
893 423 1 0.001
893 423 1 0.003
893 422 1 0.002
893 422 1 0.001
893 421 1 0.001
893 421 1 0.001
893 420 1 0.004
893 419 1 0.003
893 419 1 0.001
893 418 1 0.002
893 418 1 0.001
893 417 1 0.003
893 416 1 0.002
893 416 1 0.002
893 415 1 0.001
893 415 1 0.002
893 414 1 0.001
893 414 1 0.002
893 413 1 0.002
893 413 1 0.001
893 412 1 0.002
893 412 1 0.001
893 411 1 0.002
893 411 1 0.001
893 410 1 0.005
893 409 1 0.001
893 409 1 0.002
893 408 1 0.001
893 408 1 0.002
893 408 1 0.001
893 407 1 0.002
893 406 1 0.003
893 406 1 0.001
893 405 1 0.003
893 405 1 0.001
893 404 1 0.002
893 404 1 0.001
893 403 1 0.002
893 402 1 0.002
893 402 1 0.001
893 402 1 0.002
893 401 1 0.002
893 400 1 0.004
893 399 1 0.001
893 399 1 0.002
893 399 1 0.001
893 398 1 0.002
893 398 1 0.001
893 397 1 0.002
893 396 1 0.002
893 396 1 0.001
893 396 1 0.001
893 395 1 0.004
893 394 1 0.002
893 394 1 0.001
893 393 1 0.003
893 393 1 0.001
893 392 1 0.001
893 392 1 0.002
893 391 1 0.001
893 391 1 0.002
893 390 1 0.004
893 389 1 0.002
893 388 1 0.003
893 388 1 0.001
893 387 1 0.001
893 387 1 0.002
893 387 1 0.001
893 386 1 0.001
893 385 1 0.004
893 385 1 0.001
893 384 1 0.002
893 384 1 0.002
893 383 1 0.001
893 383 1 0.002
893 382 1 0.001
893 382 1 0.002
893 381 1 0.002
893 381 1 0.002
894 379 1 0.004
895 379 1 0.001
895 378 1 0.002
896 378 1 0.002
896 378 1 0.001
897 377 1 0.002
897 377 1 0.001
897 376 1 0.001
898 376 1 0.002
899 376 1 0.004
900 376 1 0.002
900 376 1 0.001
901 376 1 0.002
901 376 1 0.001
901 376 1 0.002
902 376 1 0.001
902 376 1 0.002
903 376 1 0.002
904 376 1 0.004
905 376 1 0.002
905 376 1 0.001
906 376 1 0.002
906 376 1 0.001
907 376 1 0.002
907 376 1 0.002
908 376 1 0.002
909 376 1 0.003
909 376 1 0.001
910 376 1 0.002
910 376 1 0.001
910 376 1 0.002
911 376 1 0.002
912 376 1 0.002
912 376 1 0.001
913 376 1 0.002
914 376 1 0.004
914 376 1 0.001
915 376 1 0.002
915 376 1 0.002
916 376 1 0.001
916 376 1 0.001
916 376 1 0.002
917 376 1 0.001
917 376 1 0.002
919 376 1 0.004
919 376 1 0.001
919 376 1 0.002
920 376 1 0.003
921 376 1 0.002
921 376 1 0.001
922 376 1 0.002
922 376 1 0.001
923 376 1 0.002
923 376 1 0.001
924 376 1 0.002
925 376 1 0.003
925 376 1 0.001
925 376 1 0.002
926 376 1 0.001
926 376 1 0.002
927 376 1 0.001
927 376 1 0.002
928 376 1 0.002
929 376 1 0.004
929 376 1 0.001
930 376 1 0.002
930 376 1 0.001
931 376 1 0.002
931 376 1 0.001
932 376 1 0.002
932 376 1 0.002
933 376 1 0.001
933 376 1 0.002
934 376 1 0.004
935 376 1 0.002
936 377 1 0.002
936 377 1 0.001
937 378 1 0.002
937 378 1 0.002
937 379 1 0.001
939 380 1 0.004
939 380 1 0.001
940 381 1 0.002
940 381 1 0.001
940 382 1 0.002
941 383 1 0.003
942 383 1 0.001
942 383 1 0.001
942 384 1 0.001
943 384 1 0.002
944 385 1 0.004
945 386 1 0.002
945 386 1 0.001
945 387 1 0.002
945 387 1 0.002
945 388 1 0.001
945 388 1 0.002
945 389 1 0.001
945 390 1 0.004
945 390 1 0.002
945 391 1 0.001
945 391 1 0.002
945 392 1 0.001
945 392 1 0.002
945 393 1 0.001
945 393 1 0.002
945 393 1 0.001
945 394 1 0.002
945 395 1 0.004
945 396 1 0.002
945 396 1 0.002
945 397 1 0.001
945 397 1 0.001
945 398 1 0.002
945 398 1 0.002
945 399 1 0.001
945 399 1 0.002
945 400 1 0.004
945 401 1 0.001
945 401 1 0.002
945 402 1 0.002
945 402 1 0.001
945 403 1 0.002
945 403 1 0.001
945 404 1 0.002
945 405 1 0.004
945 405 1 0.001
945 406 1 0.002
945 406 1 0.002
945 407 1 0.001
945 407 1 0.001
945 408 1 0.002
945 408 1 0.003
945 409 1 0.002
945 410 1 0.002
945 410 1 0.002
945 411 1 0.002
945 411 1 0.001
945 411 1 0.001
945 412 1 0.002
945 413 1 0.002
945 414 1 0.004
945 414 1 0.002
945 415 1 0.001
945 416 1 0.003
945 416 1 0.001
945 417 1 0.002
945 417 1 0.002
945 417 1 0.001
945 418 1 0.002
945 419 1 0.002
945 419 1 0.001
945 420 1 0.005
945 421 1 0.001
945 421 1 0.002
945 422 1 0.001
945 422 1 0.002
945 423 1 0.001
945 423 1 0.002
945 423 1 0.001
945 425 1 0.005
945 425 1 0.001
945 426 1 0.001
945 426 1 0.002
945 427 1 0.002
945 427 1 0.001
945 428 1 0.002
945 428 1 0.002
945 429 1 0.002
945 429 1 0.001
945 429 1 0.001
945 431 1 0.004
945 431 1 0.001
945 432 1 0.002
945 432 1 0.002
945 432 1 0.001
945 433 1 0.002
945 433 1 0.001
945 434 1 0.002
945 435 1 0.004
945 436 1 0.002
945 436 1 0.001
945 437 1 0.002
945 437 1 0.001
945 438 1 0.002
945 438 1 0.003
945 439 1 0.001
945 440 1 0.003
945 440 1 0.002
945 441 1 0.001
945 441 1 0.003
945 442 1 0.001
945 442 1 0.001
945 443 1 0.004
945 444 1 0.001
945 444 1 0.001
945 444 1 0.002
945 445 1 0.001
945 446 1 0.003
945 446 1 0.002
945 447 1 0.002
945 447 1 0.001
945 447 1 0.001
945 448 1 0.002
945 448 1 0.001
945 449 1 0.002
945 450 1 0.004
945 451 1 0.002
945 451 1 0.002
945 452 1 0.002
945 452 1 0.001
945 453 1 0.001
945 453 1 0.001
945 453 1 0.002
945 454 1 0.002
945 455 1 0.004
945 456 1 0.003
945 456 1 0.001
945 457 1 0.002
945 457 1 0.001
945 458 1 0.001
945 458 1 0.002
945 459 1 0.001
945 459 1 0.001
945 460 1 0.004
945 461 1 0.003
945 461 1 0.001
945 462 1 0.001
945 462 1 0.002
945 462 1 0.001
945 464 1 0.005
945 464 1 0.001
945 465 1 0.002
945 466 1 0.003
945 466 1 0.001
945 467 1 0.002
945 467 1 0.001
945 467 1 0.001
945 468 1 0.001
945 468 1 0.001
945 468 1 0.002
945 469 1 0.002
945 470 1 0.003
945 471 1 0.002
945 471 1 0.001
945 471 1 0.002
945 472 1 0.002
945 472 1 0.001
945 473 1 0.002
945 473 1 0.001
945 474 1 0.002
945 474 1 0.001
945 476 1 0.005
945 476 1 0.001
945 477 1 0.002
945 477 1 0.002
945 477 1 0.001
945 478 1 0.002
945 478 1 0.001
945 479 1 0.003
945 480 1 0.003
945 480 1 0.001
945 481 1 0.002
945 481 1 0.001
945 482 1 0.002
945 482 1 0.001
945 483 1 0.002
945 483 1 0.002
945 484 1 0.001
945 484 1 0.001
945 485 1 0.002
945 486 1 0.005
945 486 1 0.001
945 487 1 0.001
945 487 1 0.002
945 488 1 0.002
945 488 1 0.001
945 489 1 0.002
945 490 1 0.003
945 490 1 0.002
945 491 1 0.002
945 491 1 0.001
945 492 1 0.002
945 492 1 0.001
945 493 1 0.002
945 493 1 0.001
945 494 1 0.002
945 494 1 0.001
945 495 1 0.005
945 496 1 0.001
945 497 1 0.003
945 497 1 0.001
945 497 1 0.001
945 498 1 0.001
945 498 1 0.002
945 498 1 0.001
945 500 1 0.004
945 500 1 0.002
945 501 1 0.003
945 501 1 0.001
945 502 1 0.001
945 502 1 0.001
945 503 1 0.002
945 503 1 0.001
945 503 1 0.001
945 504 1 0.002
945 505 1 0.005
945 506 1 0.001
945 506 1 0.002
945 507 1 0.002
945 507 1 0.001
945 508 1 0.002
945 508 1 0.001
945 509 1 0.002
945 509 1 0.002
945 510 1 0.004
945 511 1 0.001
944 511 1 0.002
944 512 1 0.001
943 512 1 0.002
943 513 1 0.001
943 513 1 0.002
942 513 1 0.001
941 515 1 0.005
936 520 1 0.017
935 521 1 0.002
934 521 1 0.002
934 522 1 0.001
934 522 1 0.002
933 522 1 0.001
933 523 1 0.002
932 523 1 0.001
932 524 1 0.002
931 524 1 0.002
930 524 1 0.005
929 524 1 0.001
929 524 1 0.001
929 524 1 0.001
928 524 1 0.002
928 524 1 0.001
928 524 1 0.001
927 524 1 0.002
926 524 1 0.002
926 524 1 0.001
925 524 1 0.003
923 524 1 0.007
922 524 1 0.002
922 524 1 0.002
921 524 1 0.002
920 524 1 0.003
920 524 1 0.001
920 524 1 0.001
919 524 1 0.002
919 524 1 0.001
918 524 1 0.002
918 524 1 0.002
917 524 1 0.003
916 524 1 0.002
913 524 1 0.009
913 524 1 0.001
913 524 1 0.002
912 524 1 0.002
912 524 1 0.001
911 524 1 0.001
911 524 1 0.002
910 524 1 0.001
910 524 1 0.002
910 524 1 0.001
909 524 1 0.002
909 524 1 0.001
908 524 1 0.002
907 524 1 0.003
907 524 1 0.002
906 524 1 0.002
906 524 1 0.001
905 524 1 0.002
905 524 1 0.001
904 524 1 0.002
904 524 1 0.002
903 524 1 0.001
903 524 1 0.002
902 524 1 0.001
902 524 1 0.002
901 524 1 0.001
900 524 1 0.005
900 524 1 0.001
899 524 1 0.002
898 524 1 0.002
898 524 1 0.001
898 524 1 0.001
897 524 1 0.002
896 524 1 0.004
896 524 1 0.001
895 524 1 0.002
895 524 1 0.001
894 524 1 0.002
894 524 1 0.001
893 524 1 0.002
893 524 1 0.002
892 524 1 0.001
892 524 1 0.002
891 523 1 0.004
890 522 1 0.002
890 522 1 0.001
889 521 1 0.002
888 520 1 0.003
888 520 1 0.001
888 520 1 0.001
887 519 1 0.002
887 519 1 0.001
886 519 1 0.001
885 517 1 0.004
885 517 1 0.002
884 516 1 0.001
884 516 1 0.002
883 515 1 0.002
883 515 1 0.001
882 514 1 0.002
882 514 1 0.001
880 513 1 0.005
880 512 1 0.001
880 512 1 0.001
879 511 1 0.002
879 511 1 0.002
878 510 1 0.001
878 510 1 0.002
877 510 1 0.001
877 509 1 0.002
876 508 1 0.002
875 507 1 0.003
875 507 1 0.002
874 507 1 0.001
874 506 1 0.002
873 505 1 0.002
873 505 1 0.001
872 504 1 0.002
872 504 1 0.001
871 503 1 0.005
870 502 1 0.001
870 502 1 0.002
869 501 1 0.001
869 501 1 0.002
868 501 1 0.001
868 500 1 0.002
868 500 1 0.001
867 499 1 0.002
866 498 1 0.004
865 497 1 0.002
865 497 1 0.001
864 496 1 0.002
864 496 1 0.001
863 495 1 0.002
863 495 1 0.001
862 495 1 0.002
862 494 1 0.002
861 493 1 0.004
860 492 1 0.002
860 492 1 0.001
859 491 1 0.002
859 491 1 0.001
858 490 1 0.002
858 490 1 0.001
857 489 1 0.002
857 489 1 0.001
856 489 1 0.002
855 487 1 0.004
855 487 1 0.002
854 486 1 0.001
853 486 1 0.003
853 485 1 0.001
853 485 1 0.001
852 484 1 0.002
852 484 1 0.001
851 483 1 0.004
850 482 1 0.002
850 482 1 0.001
849 481 1 0.002
849 481 1 0.002
848 480 1 0.001
848 480 1 0.002
847 480 1 0.001
847 479 1 0.002
847 479 1 0.001
845 477 1 0.004
845 477 1 0.002
844 477 1 0.001
844 476 1 0.002
844 476 1 0.001
843 475 1 0.002
843 475 1 0.001
842 474 1 0.002
841 473 1 0.003
841 473 1 0.001
840 472 1 0.004
839 471 1 0.001
839 471 1 0.002
838 471 1 0.001
838 470 1 0.002
837 469 1 0.003
837 469 1 0.001
836 468 1 0.003
835 468 1 0.001
835 467 1 0.002
835 467 1 0.001
834 466 1 0.002
833 465 1 0.002
832 465 1 0.003
832 464 1 0.002
832 464 1 0.001
831 463 1 0.002
831 463 1 0.001
830 462 1 0.003
829 461 1 0.002
829 461 1 0.001
828 460 1 0.002
828 460 1 0.001
827 459 1 0.002
827 459 1 0.002
826 458 1 0.003
826 458 1 0.001
825 457 1 0.002
824 456 1 0.002
824 456 1 0.001
823 456 1 0.002
823 455 1 0.002
822 454 1 0.002
822 454 1 0.001
821 453 1 0.003
820 453 1 0.002
820 452 1 0.002
820 452 1 0.001
819 451 1 0.002
819 451 1 0.001
818 450 1 0.002
818 450 1 0.001
817 449 1 0.003
817 449 1 0.001
816 448 1 0.001
815 447 1 0.004
815 447 1 0.001
814 446 1 0.002
814 446 1 0.002
813 445 1 0.001
813 445 1 0.002
812 444 1 0.001
812 444 1 0.002
811 443 1 0.004
810 442 1 0.002
810 442 1 0.001
809 441 1 0.002
808 440 1 0.003
808 440 1 0.001
807 439 1 0.002
807 439 1 0.001
806 438 1 0.003
805 438 1 0.002
805 437 1 0.002
805 437 1 0.001
804 436 1 0.002
804 436 1 0.001
803 435 1 0.002
802 435 1 0.002
802 434 1 0.002
801 433 1 0.002
801 433 1 0.001
800 432 1 0.003
799 432 1 0.002
799 431 1 0.001
799 431 1 0.002
798 430 1 0.002
798 430 1 0.001
797 429 1 0.001
797 429 1 0.002
796 428 1 0.004
795 427 1 0.002
795 427 1 0.001
794 426 1 0.002
794 426 1 0.001
793 425 1 0.002
793 425 1 0.001
792 424 1 0.002
792 424 1 0.001
790 423 1 0.005
790 422 1 0.001
790 422 1 0.002
789 421 1 0.001
789 421 1 0.002
788 420 1 0.001
788 420 1 0.002
787 420 1 0.001
787 419 1 0.002
786 418 1 0.004
785 417 1 0.002
784 417 1 0.002
784 416 1 0.001
784 416 1 0.001
783 415 1 0.002
782 414 1 0.003
782 414 1 0.001
782 414 1 0.001
781 413 1 0.002
780 412 1 0.004
780 412 1 0.001
779 411 1 0.002
779 411 1 0.001
778 410 1 0.002
778 410 1 0.002
777 409 1 0.002
777 409 1 0.001
776 408 1 0.003
775 407 1 0.002
775 407 1 0.002
774 406 1 0.001
774 406 1 0.002
773 405 1 0.001
773 405 1 0.002
772 405 1 0.001
772 404 1 0.002
771 403 1 0.002
770 402 1 0.004
770 402 1 0.001
769 401 1 0.002
769 401 1 0.001
768 400 1 0.002
768 400 1 0.001
767 399 1 0.002
767 399 1 0.002
766 398 1 0.003
765 397 1 0.002
765 397 1 0.002
764 396 1 0.002
764 396 1 0.001
763 395 1 0.002
763 395 1 0.001
762 394 1 0.002
762 394 1 0.001
761 393 1 0.004
760 392 1 0.003
760 392 1 0.001
759 391 1 0.002
759 391 1 0.001
758 390 1 0.001
758 390 1 0.002
757 390 1 0.001
757 389 1 0.002
756 388 1 0.004
755 387 1 0.002
754 387 1 0.002
754 386 1 0.001
754 386 1 0.001
754 386 1 0.001
753 385 1 0.002
753 385 1 0.001
752 384 1 0.002
751 383 1 0.004
750 382 1 0.003
750 382 1 0.001
749 381 1 0.001
749 381 1 0.002
748 381 1 0.001
748 380 1 0.002
747 379 1 0.003
747 379 1 0.001
746 378 1 0.003
745 377 1 0.002
745 377 1 0.001
744 376 1 0.002
744 376 1 0.001
743 375 1 0.003
743 375 1 0.001
742 374 1 0.002
742 374 1 0.001
742 374 1 0.001
740 372 1 0.004
740 372 1 0.002
739 372 1 0.001
739 371 1 0.002
738 370 1 0.002
738 370 1 0.001
737 369 1 0.002
737 369 1 0.001
736 368 1 0.004
735 367 1 0.002
735 367 1 0.001
734 366 1 0.002
734 366 1 0.001
733 365 1 0.003
733 365 1 0.001
733 365 1 0.001
732 364 1 0.002
731 363 1 0.002
730 362 1 0.004
730 362 1 0.002
729 361 1 0.001
729 361 1 0.001
728 360 1 0.002
728 360 1 0.002
727 360 1 0.001
727 359 1 0.002
726 358 1 0.004
725 357 1 0.001
725 357 1 0.002
724 356 1 0.002
724 356 1 0.001
723 355 1 0.002
723 355 1 0.001
722 354 1 0.002
722 354 1 0.002
720 352 1 0.005
720 352 1 0.002
719 351 1 0.002
719 351 1 0.001
718 351 1 0.001
718 350 1 0.002
717 349 1 0.002
717 349 1 0.001
717 349 1 0.001
716 348 1 0.002
715 347 1 0.003
715 347 1 0.001
714 346 1 0.002
714 346 1 0.001
713 345 1 0.002
713 345 1 0.001
712 345 1 0.002
712 344 1 0.002
711 343 1 0.004
709 342 1 0.004
709 341 1 0.001
709 341 1 0.002
708 340 1 0.001
708 340 1 0.001
708 340 1 0.001
707 339 1 0.001
707 339 1 0.002
706 338 1 0.004
705 337 1 0.001
705 337 1 0.002
704 336 1 0.001
704 336 1 0.002
703 336 1 0.001
703 335 1 0.002
703 335 1 0.001
702 334 1 0.002
702 334 1 0.001
700 332 1 0.005
700 332 1 0.001
699 331 1 0.002
699 331 1 0.001
698 330 1 0.002
698 330 1 0.001
697 330 1 0.002
697 329 1 0.001
697 329 1 0.002
695 327 1 0.004
695 327 1 0.001
694 327 1 0.002
694 326 1 0.001
693 325 1 0.003
693 325 1 0.002
692 324 1 0.002
692 324 1 0.001
691 323 1 0.003
690 322 1 0.002
690 322 1 0.001
689 321 1 0.002
689 321 1 0.001
688 321 1 0.002
688 320 1 0.002
688 320 1 0.001
687 319 1 0.002
686 318 1 0.004
685 318 1 0.001
685 317 1 0.002
685 317 1 0.001
684 316 1 0.002
683 315 1 0.002
682 315 1 0.003
682 314 1 0.001
682 314 1 0.001
682 314 1 0.001
681 314 1 0.002
680 314 1 0.003
679 314 1 0.002
679 314 1 0.001
678 314 1 0.003
678 314 1 0.001
677 314 1 0.002
677 314 1 0.001
676 314 1 0.004
676 314 1 0.001
675 314 1 0.002
675 314 1 0.001
674 314 1 0.002
674 314 1 0.001
673 314 1 0.002
673 314 1 0.002
672 314 1 0.001
672 314 1 0.002
670 314 1 0.004
670 314 1 0.002
670 314 1 0.001
669 314 1 0.002
668 314 1 0.002
668 314 1 0.001
668 314 1 0.001
667 314 1 0.002
667 314 1 0.002
666 314 1 0.003
665 314 1 0.002
665 314 1 0.002
664 314 1 0.001
664 314 1 0.002
663 314 1 0.001
663 314 1 0.002
662 314 1 0.001
662 314 1 0.002
661 314 1 0.004
660 314 1 0.002
660 314 1 0.001
659 314 1 0.002
659 314 1 0.001
658 314 1 0.002
658 314 1 0.001
657 314 1 0.002
656 314 1 0.004
655 314 1 0.003
655 314 1 0.001
655 314 1 0.001
654 314 1 0.001
654 314 1 0.002
653 314 1 0.001
